,bin0,bin1,bin2,bin3,bin4,bin5,bin6,bin7,bin8,bin9,bin10,bin11,bin12,bin13,bin14,bin15,bin16,bin17,bin18,bin19,bin20,bin21,bin22,bin23,bin24
2020-05-13,['短线有肉吃哦' '看不懂了'],['万年不变的走势，低吸高抛'],[],[],[],[],[],[],[],[],['“喂！主力你妈让你回家吃饭呢！吃饱饭下午好好上班！”' '真几把恶心，看来要跌整个礼拜了，没人气了'],['那条20块钱的狗已经不叫了，大家就可以放心的进场啦。看技术最多就跌一星期，我估计'],[],[],[],[],[],[],[],[],[],[],[],['食品板块都涨那么多了，你好歹也有食品用活性炭，能雄起不？'],[]
2020-05-14,['大家好，我是看20的拖，我前几天买了点惠威科技！有人不是说会跌到15的么？15块' '元力股份:关于持股5%以上股东股份质押延期购回的公告'],[],[],[],[],[],[],[],[],[],[],[],[],[],[],[],[],[],[],[],[],[],['呼叫千手大单'],[],[]
2020-05-15,['横久必跌？'],[],['不下15是三一八，你个小庄，想做个T，被你了'],[],[],[],['那么多大单压着，有意思吗？'],[],[],[],[],[],[],[],[],[],['元力是超级电容概念股？' '定增肯定黄了'],[],[],['就要起了。'],['没意思，垃圾货，自己玩去吧'],[],[],[],['卖了就涨，针对我？']
2020-05-18,[],['千里马。尽利润大幅增长' '这个星期可能上20元，不要问为什么'],[],[],[],[],['17.10跑了，横久必跌！' '天天都是这种恶心的走势，和大盘反着干' '筹码被主力锁定'],['一上一下筹码就出来了。主力洗盘'],['这走势太恶心了，大盘正v，你却来个倒v'],[],['今年利润增长的寥寥无几。牛股'],['主力牛' '走势垃圾，主力牛逼'],[],[],[],[],[],[],[],[],[],[],[],[],[]
2020-05-19,['天天都是无量天尊……阿弥陀佛，善哉善哉！'],['垃圾，主力连个散户都不如' '元力的主力，充其量也就是一个大散户'],['横久必跌很准的。'],[],[],[],[],['出货了' '反正每天好像有机构在接盘，洗筹码，业绩支撑'],[],[],['都没交易了[大笑]'],['此股没来大阳或大阴都没人气' '闪换华东测试！'],[],[],[],['主力砸盘吧多跌点好给我进场机会墨迹什么'],[],['每天一次诱多。。没啥实力的庄'],['红三兵！'],[],['每天尾盘拉一下诱多，老套路了！'],['此股没人气，九盘必跌了'],[],[],[]
2020-05-20,['天天高抛低吸少赚了一点，这股还不错，每次买他都不亏。' '不增发了！'],['不要守着一个票哦，朋友们'],['垃圾玩意，外面都涨疯了。。'],[],[],['顶不住了，先走一步浪费一周时间！'],[],[],[],[],['天天都是这个怂样，换股，搞个两会关注的行业'],[],[],[],[],[],[],[],[],[],[],[],['涨上去时重如泰山，跌下来时轻如鸿毛……'],[],['今天的阴棒有点不好，可能要回踩60日线了' '浪费时间，先走了']
2020-05-21,['主力自嗨久了，人心散了，想护盘有点困难了' '这是全市场最烂的股票，在市场存不存在意义不大'],[],[],[],['垃圾了，我的儿'],[],['横久必跌一次又一次被验证，建议减仓出局！'],[],[],[],[],[],[],[],[],[],[],['收盘价16.73左右'],['两周白等还亏三个点，16.51元交枪你就涨，神了！'],['这个主力水平太差了，要么来个大阳突破，要么来个大阴下来吓呼，吓呼。天天这样走让场'],[],[],[],[],[]
2020-05-22,['如能回调到15.50左右，又是短线不错的切入点' '今天大概率回踩昨天的低点，'],[],[],[],[],[],[],[],[],[],[],[],[],['不要抛了，开始反攻'],[],['呼叫千手大户'],['呼叫千手大户'],[],[],[],[],[],['从趋势来看要破16.33-16.4才有机会'],[],[]
2020-05-25,"['周末大盘没啥利好，元力也没利好，礼拜一大概率继续洗，唉[哭]'
 '超级电容碳美锦能源现在年产10吨，1000吨正在推进，元力股份2020年上半年就' '看300432'
 '业绩增长怎么还跌了。百思不解，未必没有投资价值']",[],[],['公司利润增长是，半年报可能增长百分之200以上'],[],[],[],[],[],['此票和大盘一样的垃圾，应该把这个票加入大盘成分股'],['只怕是要死，走了' '都没成交也可以退市的！'],[],[],[],[],[],['排名3600多，别尼玛恶心了，走啦'],[],[],[],[],[],['一天才几百万的成交，服了'],[],[]
2020-05-26,"['南平工业园区活性炭项目进展如何？' '元力股份:关于股东股份质押的公告'
 '元力股份：重要股东质押1013.4万股，累计质押占其持股达100.00%']",[],[],[],['竞价100手可以打跌停 哈哈哈哈哈哈'],[],[],[],[],['奇葩，好好一个股，怎么变成僵尸股了。'],[],[],[],[],[],[],[],[],[],[],[],[],[],[],[]
2020-05-27,"['老乡老乡都别走啊，就快涨了，就快了，再等等，再等等啊，' '这公司从没利好，也没业务，迟早倒闭' '我又回来了，快点涨吧。'
 '开盘也开不出？[好困惑]']",[],[],[],[],[],[],[],[],[],['活性炭该动动了'],[],[],[],[],[],['晴空一鹤排云上，便引诗情到碧霄'],[],[],['没有量的交易能飞到那里去？'],[],[],[],[],[]
2020-05-28,[],[],[],[],['今天也就这样了，收盘假阴线'],[],[],[],['中报利润翻倍。但是俺走了，不想恋战' '评论都发不出了？？？'],[],['是要成为僵尸股吗？坚守很累啊，能不能痛快一点，急死' '用力砸吧，涨不上去就是往下走了'],[],[],[],[],[],[],['烂仔' '就这走势，今天不会有啥作为了'],[],[],[],[],[],[],[]
2020-05-29,"['爷有的是时间，陪你慢慢耗！' '跳水吧，别装逼了' '下午已出耗不起，10.78元已入华东测试必须涨！'
 '元力定向增发的正式批文还没拿到吗，距离证监会口头同意都2个月了，我觉得好奇怪呀' '很不错的，跟着绝对是最明智的选择']",[],[],['半年报业绩翻倍有什么用，没有成交量，现在不是时候'],['根本跟业绩关系，主力要炒，垃圾都可以上天，俺还是走了'],[],['估计全年有一个多的利润' '行情好的时候股价应该在68元以上' '就你的不涨'],[],[],[],"['真几把垃圾，' '三十六计走为上计' '散户出，鬼人买' '现在玩股票只怕是疯了' '真够恶心的'
 '3800多个票，你都排名3700了，够你吹一辈子了']",[],[],[],[],[],[],[],[],[],['僵尸股'],[],[],[],[]
2020-06-01,[],[],[],['大盘涨，它也不动，没有成交量。业绩翻番有什么用' '最近盘面上方抛单大，买入的寥寥无几，炒股跟业绩关系不大'],[],['三座大山压在上面，都是大抛单'],['现在3位数买入是好大的单了' '近段时间从来没有涨赢过大盘，'],[],['t+0股价要高，一般散户不敢买入'],[],['元力的庄真沉得住气。' '你也是创业板？' '主力在干什么，为什么不出手买入' '落后大盘一半，好垃圾，业绩增长翻番没有用的'],[],[],[],[],[],['我去借200块钱，来拉涨停[大笑]'],['自先股里表现最弱的一支排名天天3600后面'],[],['真是太垃圾了'],['确实弱。。。'],[],[],[],[]
2020-06-02,"['走了走了，浪费大行情' '今天太浪费了力元，你NB，bbL。' '定增批文审核过了快3个月为何批文未公告？？'
 '再等我几天，千万不要涨，还要再洗洗更健康']",['庄家不但阳痿还成了僵尸'],['过山车，哈哈走了'],[],['这是没人玩了吗？'],[],[],[],[],[],['大盘大涨你不动，排名都在3干后！' '好厉害的庄，僵尸股还能套这么多散户' '福建板快圣农补涨你也不动，海南板块大涨你也无动于衷。'],[],[],['就问你们服不服，认他大盘涨上天我自岿然不动'],[],[],[],[],[],[],[],[],['这股票根本就没有人买，全是一帮融资盘，全是散户！都等着出货呢！'],[],[]
2020-06-03,['应该40元以上的票硬是走成这样？'],[],[],[],[],[],[],[],[],[],['要退市？'],['垃圾每天波动都没1%'],[],[],[],[],[],[],['不在沉浸中爆发就在沉浸中死亡'],[],[],[],[],[],[]
2020-06-04,['元力股份:关于非公开发行股票获得中国证监会核准批文的公告' '这烂股还有脸增发'],['300174'],['新来的问一下前辈们这算不算摆地摊概念股？木炭？？？'],[],['垃圾货色' '17.80走了，还行！' '草！'],['早泄' '走了' '正如之前说的要涨，今天表扬结束'],['走成这样，太垃圾了，没法玩了'],[],[],[],['买一手玩玩，盈亏不是重点，主要是看着主力很帅'],['烧烤概念'],['追涨杀跌' '与你有缘再见，拜拜！'],[],['还没来得及打开账户这货行情都已经结束了，NND，真TMD快'],['这么好的地摊概念，怎么没人买呢？做最好的烧烤要用最好的炭。'],[],[],[],[],['这个主力真的很好，每次上涨都是卖点，下跌了买点，主力带着赚钱，千万别拉升，容易做'],['没想到冲高跑对了，17以下还可以进。' '太恶心了，创新低了，' '明天吞掉今天所有涨幅，等着看吧'],['拿着你丢脸，抛光木炭，做什么不好，做木炭烧烤有什么作为[卖出][卖出][卖出]'],"['主力做的很好，每一次拉升都可以卖出，每一次下跌都可以买入，操作的很好，别连续拉，'
 '桩做的很好，每一次拉升都可以卖出，每一次下跌都可以买入，别连续拉，我怕卖飞' '这个垃圾，明天大概率调整，走了，过几天再来']",[]
2020-06-05,"['今天17.7元全部清了，明天不知17元还能接回来吗，还是看好他的。'
 '射击之星，飞天之前的最后一次洗盘，明天涨8个点以上，涨停板更好，就看主力这帮' '别意淫了现在烧烤不让用炭！']",[],[],['利好出尽，生活回归原样……！' '这么猥琐的庄家也是少见'],['继续跌，趺停最好，融资客坏的很趺到暴仓！' '这么猥琐的庄也是少见'],['转发'],[],[],['主力为什么要压盘？'],[],[],"['避雷针，又够勾庄砸几天了，十五块能止跌不' '其实我还是挺希望勾庄把股价打到15以下的，有二十个点的猛跌，融资盘大部分就都跑了'
 '这股怎么还不退市']",[],[],[],[],[],[],[],['兄弟们，要进货了'],[],[],[],['太垃圾了，走了，杂中主力必遭报应'],['卖卖卖，垃圾僵尸股']
2020-06-08,[],[],[],[],[],[],[],[],[],[],[],[],[],[],[],[],[],[],[],[],[],[],[],[],[]
2020-06-09,[],[],[],[],[],[],[],[],[],[],['真不想看你这个元力，庄家怎么这么无力，安溪人很多人受骗'],[],[],[],[],[],['又他吗回到3600名了，垃圾，没人气，也没交易了'],[],['真恶心，天天无力，'],[],[],[],[],[],[]
2020-06-10,['南平工业园区活性炭建设项目已经建成投产了' '这股人气低迷的也是够可以的了' '创业板第一僵尸'],[],[],[],[],[],[],[],[],[],['元力股份是创业板吗'],[],[],[],[],[],[],[],[],[],[],[],['创业板指数节节攀升，元力却视若无睹。主力意欲何为？'],['是个锤子板'],[]
2020-06-11,"['元利股份就像买理财产品，一年赚5个点挺好的。万一变妖股还发财' '此股已废，不要幻想。。'
 '重大突破、二氧化硅可使疫苗室温下保存3年元力股份（300174）控股子公司元禾化'
 '定增已经得到通过了，还不开始定增，到底是为什么呢？没人参与定增吗？']",[],[],[],['每天都这比样，不管高开低开，都会砸下来' '再用力点'],['为了增发价，主力也是够恶心的了。。。'],[],[],[],[],[],['看看300132同样南平化股人家的走势元力不害羞！！'],[],[],['今天那一个生口发那个假消息，就是预示了砸盘。'],['没关系，关键时刻，洗洗更好。'],[],[],[],[],[],[],[],[],[]
2020-06-12,"['有种不好的预感' '定增都通过为什么还不定增' '死磕到底！就是一个字“耗”。' '今天的这根阴线有点不大好，这波调整可能比较大'
 '可以买进！' '刚刚不是跌停']",[],['本想15.99挂买单的'],[],[],[],[],[],[],[],[],[],[],[],[],['青松股份化工板块，南平市建阳区，南平市延平区的元力好的反思！'],[],[],['买'],[],[],[],[],[],[]
2020-06-15,['主要看半年报业绩，决定是否好股。' '杠杆资金大幅加仓股曝光！元力股份买入占比高达42.41%'],[],[],[],['能不能跟着创业板指数涨点，元力落后创指很多了！'],[],[],[],['垃圾。' '6.12 杠杆资金的双刃剑！今日融资余额环比增长及减少最多的个股一览'],[],['无力股份连续好几天无法把创业板拉绿，而下午会爆发洪荒之力拉创业板下水'],[],[],['真不要脸了，垃圾'],['小伞会被磨死'],[],[],[],[],[],[],[],[],['看来要有大事发生了'],[]
2020-06-16,['绿了5天' '小三重顶嫌疑，量度跌幅在15-15.50元，观望！现在空头走势，买进也是个亏'],['重大突破，二氧化硅可使疫苗室温下保存3年'],[],['定增价格11元'],['都是化工也是南平股，你看看青松股票，真的元力变无力，还是你们阳痿太厉害了。[大笑'],['要破16的节奏'],[],['真垃圾啊，还好出来了'],['这一天还是来了，意料之中，来个跌停都有可能，跌下来准备加仓吧' '这公司是要被ST了吗'],['无力骨粉' '莫名其妙的大跌，出鬼了！' '今天融资客又要哭了！'],"['好厉害的垃圾，还好跑的快' '什么鸟股，大盘行情这么好，它跌成这样，元力到底是怎么回事，难道老总和庄家真的阳痿'
 '打压价格，为了增发，又能洗盘，一举两得' '跌停跌停跌停，融资盘爆仓了' '被埋了' '割了割了，突破18平台，估计套了不少人，腻害腻害'
 '快砸呀，我还没上车']",['跌到15估计融资盘能回到1个多亿...融资盘亏得多，就算增发20%市值，融资盘这' '最好上车时候，不要怕'],[],['这么多大单砸跌停不好吗？'],['静待大长腿'],[],['是不是为了老鼠仓'],['今天什么原因砸盘？不会踩雷了吧？' '为什么这么跌'],['主力的智商'],['融资盘没耐心了，增发出来也不会很快涨，融资盘很清楚，半年报时间还很久，全市场的机' '静待大长腿'],['明天跌停'],[],['量能放的快赶上涨停板了，'],[],['是不是定增价格比较低？老庄卖点出来买低价的？买元力真的心好累！']
2020-06-17,['绿了6天' '是不是没人参与增发呀，这么久了，增发价还不出来' '不要怂，满仓就是干' '这只票应该是废了' '今天见红就是孙子，'],['连续跌出了什么问题'],['融资盘，快点卖咯，等着杀你们咯' '一波行情就这样被耽误了，哇，无情！'],['与你死杠到底' '下到14，融资盘死一半' '是不是价太高影响定增？'],[],[],[],[],[],[],['10个亿的流动盘就有2个亿的融资在里面，老鼠仓呀。用力砸，让他们爆仓，筹码自然就'],[],[],[],[],[],[],[],[],[],[],['一天下来，平淡无奇，没有跌宕起伏，也没有诡异回旋，但总觉得有一股暗流在悄悄涌动，'],[],[],[]
2020-06-18,['融资盘果然跑了好多，再砸两个跌停板砸到13块钱。我都跑完啦。' '下行空间已开，估计要到14'],[],['又走好了？' '又走好了？'],['有本事啦涨停，我就不信了，14等你' '你能逆大盘？'],[],['大盘拉升个股慢跌，掩人耳目的出货'],['当你飞天时，我只能在远方目送你，为你祝福……'],[],[],['没有多大作为[傲]'],['大盘长元力跌，大盘跌元力长，庄股！' '今天应该有七点'],['融资盘扛不住了，借来几百万硬撑呢。明天再直接砸两个板，把它们尻出来。哈哈哈'],[],['大家都来压单，压死它，明天直接一字黑板'],[],[],[],['坚定等到14元，今天先到16一下'],"['今天估计就在16.4这里晃荡了，明天大盘会来一波像样的下跌坚信14，先在15.2阻击一波' '好多的都在跳水和大笔卖出了，等你'
 '大盘要补缺口，跟着下来吧']",['只买便宜的不买贵的，继续努力'],[],[],['锅盖顶，14是第一目标位'],[],['现在不要接，等14左右开始接']
2020-06-19,['割了就起来，都看跌，看来16以下还有大把机会接回来'],[],['就喜欢你这样随心所意的见样'],[],[],[],[],['今天又怂了'],['放心，不会涨的，增发价还没有出来，还是得拼命压价的' '很遗憾，你就是跌停也没人接盘'],['你是属创业板吗？买你无前途？无力股，浪费大好行情[成交][成交][成交]'],['走了，累了，浪费行情...' '别那么怂行不？'],[],[],[],[],['外面一片红，澈了浪费行情！'],['老庄这一年也没钱赚的'],['元力'],[],[],['要不要脸？占着创业板的岗位做ST岗位的事，而且还没有人家干得好！'],['北向资金都瞧不上你' '大家别进，昨天的高点都到不了，说明还要向下走的'],['吧友们，看看我的指标提示再下手'],[],[]
2020-06-22,['此股只应天上有，落在人间已奢靡！'],[],[],[],[],[],[],[],['每天排名3700多名，也是技术啊，'],[],[],['等16元让人白了头'],[],[],[],['这个，说不准来点刺激给你[大笑][大笑][大笑]'],[],['南平圣农养鸡的比你强，要拉来个干脆点'],[],[],[],[],[],[],[]
2020-06-23,['没人接盘?定增黄了吗？' '真不信16以下还接不到了，明天、最多后天，请不要让我失望，谢谢[大笑][大笑]['],[],[],[],[],[],[],[],[],['主力开始发威，绝不能让股价上17。'],[],[],[],[],['继续对敲砸到16啊，等你等的白了头'],['到16 你就骗成了，我一定上当买入'],[],['压死，开始跌了吧' '买入目标下调到15.3' '现在是诱多'],['诱多无量不可跟进'],[],[],[],['我发的给推后发出这是阴谋' '应该有个随大盘的急跌才对，这换手就是等那个时刻'],[],[]
2020-06-24,['建议定增价格2元' '我看看你今天能不能变态一次'],[],['每次高开都没好事'],[],[],[],[],[],[],[],[],[],['都逃命吧，我就等到15.34元了'],['全世界的股票就是你元力最烂的一只'],['开始对敲骗散户买'],[],[],[],[],[],[],[],[],['就看着你，看你怎么玩，不爆发就算，一旦爆发，那就是火山'],[]
2020-06-29,['转发'],[],[],['元力给力'],['就这熊样' '大盘开始调整了，等它16以下再进吧，先出去了'],['还有头脑不清楚的帮着吃17的筹码啊，真逗' '赶紧高抛，下午跌到起点'],[],[],[],[],[],['又在做T' '都在17很T'],[],[],['又你嘛拉希了' '17块，你们都不卖吗？留着当宝贝？'],[],[],['没前途的'],[],[],[],[],[],[],[]
2020-06-30,['明天5个点的涨幅左右'],[],[],['上不去下不下真烦人'],['来来来，拉起来给你'],[],[],[],[],['相信现在还拿着元力的都是真爱，要不会疯了。高价追高了，对，我就是不信公司电容碳就'],['TTTTTTTTTT全是踢单' '你真的不像创业板，半死不活[空仓]'],[],[],[],[],[],[],[],['这只垃圾何其垃圾'],[],[],[],['下来吧，不用装了16 等你' '装你知道明天大盘开始下行，不用装了，下来吧'],"['假意拉起来一点，还是会在17出货，不用装就在16 等你' '不要在17.3装了，快点打下来'
 '收盘不会高于17.3的。明天周三，大盘下行个股跟上']",['架单不买大家不要上当追高']
2020-07-01,"['玩不过，只好走人，浪费了时间' '受了太多，委屈总是首汽精神不好，难怪了在这个地方总是没有办法平静，虽然其他方面是' '半年报要出了吧'
 '全世界都在涨，明天买点这种不涨的']",[],[],[],[],['起飞严重滞涨，第一目标26！'],['也许会给大家一个惊喜'],[],[],[],['来吧，来的更猛烈些吧，既然已经发疯，就来更疯狂的' '18元买入，不知道怎么样！' '走了，回调再买'],[],[],['哈哈哈，幸好这次醒目，挂了前高走了[大笑]'],[],['既已振翅，何须再寐？八月孕育，一朝冲天！红尘滚滚，江湖相见。'],['18买的恭喜了，高位可以站一段时间了'],[],[],['还是熟悉的配方，熟悉的味道。拉高要知道跑呀。等16.8补回去不香吗？'],[],[],[],[],[]
2020-07-02,['元力股份:关于职工代表监事、监事会主席辞职暨补选职工代表监事的公告' '元力股份:第四届监事会第十七次会议决议公告'],[],[],['继续涨'],[],[],[],['涨停'],['要板的'],[],['涨的不错，18.5加仓！'],['卖了，17.5等你'],[],['15.9被洗出去了，哎'],['刚卖了，完了卖早了' '买入等涨[财力]'],[],['开空仓了'],[],[],[],[],[],[],[],[]
2020-07-03,['个人看法：近期大盘天量天价，历来金融股暴发阶段行情落幕！元力产品大部分是出口，受' '我就想问问定增实施了没有'],['出手，再不买就赶不上车了'],[],[],[],[],[],[],[],[],[],['坐等回踩年线17.50附近，届时满仓融资搞！'],[],[],[],[],[],[],['我来了，50亿资金马上杀到'],[],[],[],[],[],['调整一下']
2020-07-06,"['元力股份:第四届监事会第十八次会议决议公告' '元力股份:2020年限制性股票激励计划首次授予激励对象名单'
 '元力股份:独立董事对相关事项的独立意见(2020/07/06)' '元力股份:股权激励计划自查表'
 '元力股份:2020年限制性股票激励计划实施考核管理办法' '元力股份:2020年限制性股票激励计划(草案)'
 '元力股份:独立董事公开征集委托投票权报告书' '元力股份:2020年限制性股票激励计划(草案)摘要' '元力股份:关于监事辞职的公告'
 '元力股份:关于召开2020年第二次临时股东大会的通知'
 '元力股份:上海荣正投资咨询股份有限公司关于公司2020年限制性股票激励计划(草案)之独立财务顾问报告' '元力股份:2020年半年度业绩预告'
 '元力股份:第四届董事会第十九次会议决议公告' '元力股份:福建武夷律师事务所关于公司2020年限制性股票激励计划的法律意见书'
 '周一放心涨停了' '元力股份：上半年净利润预增20%～40%' '元力股份：上半年净利润同比预增20%—40%'
 '元力股份-2020年半年度业绩预告（07-06)' '主营发展势头良好！这句话含金量最高！' '喜欢做t的小市民要被甩了'
 '人家大户都提前知道信息，我们玩得过人家?下周可能甩货的节奏,短线应该随大盘有调整'
 '公司为本次限制性股票激励计划设置的净利润增长率等级，其中触发值是公司2020-2' '淡定淡定！' '明天是岀仓时机'
 '看激励机制就想到未来股价！' '庄够狠的']",[],[],['今天会不会涨停？'],['看30'],[],[],[],[],[],"['下了车，就不会再给你们机会上车了，这个行情还拼命的卖' '元力股份上半年净利同比预增20%至40%' '低于预期，算是利空'
 '我是看20的拖！我回来了']",[],[],['会收在2020吗？'],[],[],[],[],[],[],[],[],[],[],[]
2020-07-07,"['完了，想跌下去接回来，追不上了' '再涨下去，只能观赏'
 '元力股份:国金证券股份有限公司关于公司创业板非公开发行股票发行过程和认购对象合规性的报告'
 '元力股份:国浩律师(福州)事务所关于公司创业板非公开发行股票发行过程和认购对象合规性之法律意见书'
 '元力股份:创业板非公开发行股票发行情况报告书' '元力股份:验资报告' '元力股份:关于非公开发行股票发行情况报告书的提示性公告'
 '明天开始，结束滑翔，正式起飞。' '不露声色，定增就已经完成了' '先看26' '看好你哦！加油！' '利好兑现，放量就跑']",[],[],[],[],[],[],[],[],[],[],[],[],[],[],['太狠了，这庄不考虑我们小三，总得给我们再上车的机会吧'],[],[],[],[],[],[],[],['狗庄'],[]
2020-07-08,"['卖完了，你可以放心涨了' '守了你一年，从头到尾没动过，感谢' '今晚会不会再来两个公告'
 '地产+免税+第七航权+海航随心飞+海南自贸港，知道是哪只牛股吗？随心飞票都抢不到']",[],[],[],[],['本周到25问题不大！'],[],['下了车，不让上了？'],[],[],[],[],[],[],[],[],[],[],[],['坚持拿着等到40，已经拿了14个月了[大笑][大笑][大笑]'],[],[],['废物，大盘这么好都带不动你！明天黑周四'],[],['主力想干啥']
2020-07-09,"['完美' '今天中途下车发现错了，马上重新上车[鼓掌]' '涨停差一分钱是个啥意思呢？'
 '元力股份:关于使用银行承兑汇票支付募投项目款并以募集资金进行等额置换的公告' '元力股份:关于使用暂时闲置募集资金进行现金管理的公告'
 '元力股份:关于增加临时提案暨2020年第二次临时股东大会补充通知的公告'
 '元力股份:国金证券股份有限公司关于公司使用银行承兑汇票支付募投项目款并以募集资金等额置换的核查意见'
 '元力股份:关于以募集资金置换预先已投入募投项目自筹资金的公告' '元力股份:公司章程' '元力股份:公司章程修正案'
 '元力股份:国金证券股份有限公司关于公司继续使用部分闲置募集资金进行现金管理的核查意见' '元力股份:关于变更部分募集资金投资项目实施主体的公告'
 '元力股份:国金证券股份有限公司关于公司变更部分募集资金投资项目实施主体的核查意见'
 '元力股份:国金证券股份有限公司关于公司使用募集资金置换预先投入自筹资金的核查意见' '元力股份:第四届董事会第二十次会议决议公告'
 '元力股份:独立董事对相关事项的独立意见(2020/07/08)' '元力股份:第四届监事会第十九次会议决议公告'
 '元力股份:简式权益变动报告书' '元力股份:股东大会网络投票实施细则' '元力股份盘中最高23.49元，股价创近一年新高' '干得好'
 '元力股份下午断断续续连续拉[献花][献花]' '是利好兑现么？' '这是不想上榜吗？' '很牛很强，不过明天回调，找机会在玩']",[],[],['今天是要逆大盘吗'],[],[],['最后逃命机会了'],[],['先走了，你们发财[赚大了]'],[],[],[],[],['能不能硬一点，' '今天买入，会不会是山顶！'],[],['最后上车的机会'],[],[],['我走了、祝大家发财、根据公司股票走势感觉公司不好'],[],[],[],[],[],['快步入场']
2020-07-10,"['元力股份盘中最高24.17元，股价连续两日创近一年新高' '元力股份:关于新增股份变动报告及上市公告书的提示性公告'
 '元力股份:关于董事、监事和高级管理人员持股情况变动的报告' '元力股份:新增股份变动报告及上市公告书'
 '元力股份:国金证券股份有限公司关于公司创业板非公开发行股票之上市保荐书' '疑问：定增的钱想干嘛？' '汼人真的很少了']",[],[],[],[],[],[],[],[],[],['加仓[加仓]'],['行情结束，都散了吧'],[],['实在看不懂这买卖行情，一个嫌卖的便宜，一个嫌买的贵。清仓，换医药[困顿][困顿]'],[],[],['元力的庄家，实力很一般，' '下山了'],[],['庄家良心啊，知道我高位卖了，还弯下腰来接我[赞]' '主力出货了'],[],[],[],[],[],[]
2020-07-13,['山顶上就是要找最后接棒人。' '去年炒大麻时非常凶！' '上证、创业板及很多个股都起过19年4月份新高了，元力要加把劲！' '最后上车的机会'],[],['大盘涨，这个股为啥跌？高手指点下，'],['[滴汗]这货太猛了'],['卧槽跌懵逼了' '放量了，还不跑' '三只乌鸦，走势坏了'],['满仓' '哎！！裤子破掉'],['完全跌懵逼，稀里糊涂就割了肉'],['弱比啊，垃圾货'],['庄股不好完，澈了外面好票多的是！' '没内容的股票，要么妖要么垃圾'],['金玉良言：牛市千万不买元力股'],"['举报庄家操纵股价人为打压' '你觉着这股没戏，那你就换股操作' '外面彩红飘飘' '移出担保范围，只能卖不能买，怎么回事？' '？'
 '跌停榜见' '哎呦，发生啥大事了' '山顶的朋友，缺氧吗？']","['3000多股票，你表现最好' '元力确实不是好股票，拋了，好股票多的是，运气差碰到了它。' '最好上车机会，加紧，座稳抓住'
 '出货啦，快跑呀！' '这是不是三只乌鸦图形？后市会怎样？要不要走呀？已经亏了好多。' '半天放量下跌，没戏了，周五进的三个点割了']",['进入今天跌幅全A前20名[好困惑]'],['你从哪里来？要回到哪里去？' '今天被这比样的坑了，所有自选票就他跌，还跌那么多'],[],[],[],['今天没戏了，21.63，2000手压单吓唬你爹'],[],['今天能翻红吗' '从此没落，走向ST' '明显在换装'],['吓谁啊?虾肉馅吗？'],[],[],['涨的时候没跟上，跌起来确实急先锋'],[]
2020-07-14,"['IPO审核前瞻 || 蓝盾光电：惊现曾涉猎10多家A股公司的资本玩家袁永刚；芯海科技：实控人曾行贿地方官员，最大客户是“老赖”'
 '不知道明天如何走势，这也太弱了' '别告诉我在洗盘，这只股票人气很低没必要洗盘，如果不是洗盘就是下降趋势了。'
 '发生了什么事？为什么跌成这样了？这是创业板的票吗？' '问一下各位股友今天大盘若下趺此股怎么走[大笑]'
 '别慌，不坚定的走差不多了，休息一下继续上攻' '我看洗盘的概率大一些！因为没有任何理由下跌！'
 '全创业板股票跌幅第三[亏大了]提醒大伙，最近大盘持续向好，大涨连涨的股票多的是，'
 '就是这么强，强者恒强，每天早上根据预警择优买入，剩下的事情只是等它涨停。' '从7月|日开始看看月线大部份股票涨幅都甩过元力几条街'
 '我想拜访下此庄有没有把自己套住，哈哈哈就涨了一点点至于这么跌吗？' '我估计明天龙虎榜买盘金额就达到卖出金额的2倍以上，彻底逆转']",[],[],['可能会有隐藏利空，不然大资金不会跑。'],[],[],[],['狗比这么好的势头中可以4连阴'],[],[],"['怎么只知道跌，不知道跟着指数反弹。。' '弱比，走了，大盘要是调整，你跌的更快' '小单拉，大单砸，都看清楚了，' 'TMD有意思'
 '不要抱有幻想了' '看样子和300680一个走势，还是走人了，，牛市在这浪费时间。']",['擦，原来这是个庄股，各位小心操作' '元就是初始的意思，估计要回到起点'],[],[],[],['这庄跟死狗一样。赶紧都走吧。。。'],['随便翻一只个股今年涨幅都起过这个垃圾'],[],[],['大盘跌，跟着跌，大盘反弹，元力就装死了'],[],[],['没有买单，还会再跌，跌，跌，跌'],['大垃圾'],[]
2020-07-15,"['原本一个反弹上涨结构的走势。却被垃圾庄操作成这种吊样？' '元力股份:关于非公开发行股票股东权益变动提示性公告'
 '13.57定增价，明天上市。' '看看平潭发展本月涨72%' '有种继续跌啊']",[],['元力庄学沈阳化工亏损股月涨158%' '傻庄洗盘，屁屁都洗黑了啊。'],['大盘涨时在干吗？现在下上都费力。'],['着就是典型的弱庄操盘！'],[],[],[],[],['这庄操的什么吊盘？' '60分钟低部金叉。傻庄竟然不懂配合指标拉升？'],['被大盘打下来后，在底部不知所措'],[],['按照目前60分钟的走势，明天又要跌了。'],['傻庄操盘杂乱无章。都走吧，。。' '今天忽悠散户！明天大跌！赶紧都走吧。。' '弱势反弹！明天必跌。快走。'],[],[],['主力资金星期二就开始吸筹流入了！有些小散还在拼命卖出[大笑][大笑]！'],[],[],[],[],[],[],[],[]
2020-07-16,['公司现是否满负荷生产？' '周四大阳。'],[],['三大指数都红了庄在睡觉吗'],[],[],[],[],[],[],['A股中期调整开始了，先离场避避！祝大家好运！' '元力庄拉圾操盘手' '庄！快醒醒！！'],['S股一只，走了' '大盘下跌才是试金石，这股垃圾，鉴定完毕' '你们特么的么，砸盘的洒笔们'],['恶庄，不走了，你继续'],[],[],['三元化工筹备到位，己经正式全面启动，只等收购讲故事了。'],['哇去，发生什么鸟屎了'],['有能力搞到1块钱，然后退市，劳资就服了你' '人家都反弹了，你还这装死'],[],[],['明显庄股。'],[],[],[],['牛逼，很抗跌'],[]
2020-07-17,"['元力股份:监事会关于2020年限制性股票激励计划首次授予激励对象名单的公示情况说明及核查意见的公告'
 '元力的主力出货出不了，前面牛市时他不涨，刚拉上去无人接棒了，只有自己站在山顶上了' '[图片]'
 '元力股份垃圾庄我虽然买不多但我成本才14块多，比庄平均成夲低，你现敢跌我就加仓看' '很快就发布大动作。']",[],[],[],['庄自娱自乐下周再看咯'],[],[],['投资三元化工，一个真正的优质资产，2019年那一波只是消息，现在要落地，准备把故'],[],[],['昨天下午进今天出了感谢主力么么哒'],[],[],[],[],[],[],[],[],[],[],[],[],[],[]
2020-07-20,['缩量、缩量十字星，明天突破第二波！' '元力哥哥，冲啊' '什么情况？停盘？' '连开盘都差点开不出'],[],[],[],[],[],['庄家，请开始你的表演！音乐，起…………'],[],[],[],"['最后上车的机会' '任何一个化工股都比这个强势，下跌趋势没有回转，建议打入冷宫' '下一站48' '中途不停车'
 '还是那句话资金进来没，没有，没有还不换股，等死没用']",['怎么排名又是倒数了'],[],[],[],[],[],[],[],[],[],[],[],[],['横盘日后必跌']
2020-07-21,['庄家太贪心了！非要等注册后上下20才开始拉。这几天没戏!' '今天大盘如果下跌该股怎么走' '停盘？'],[],[],[],[],[],[],[],[],[],[],[],[],[],['这个月还有8个交易日，捂好别动了' '太冷清了，没有热列的氛围'],[],[],['此股大家稍安勿躁，手里有的，拿着，昨天看了一下f10资料，吓了我一跳，总户数只有'],[],[],[],[],[],[],[]
2020-07-22,['此股前第九天先于大盘冲高收阴，而大盘收红中阳，继续上冲了二天，而他却四天跳崖式下' '有赚就走，落袋为安。'],[],[],[],['人气排名3371让庄自已玩'],[],[],[],['我就搬个小板凳坐着，吃着西瓜，看庄家自娱自乐'],[],['自选股全红就你绿' '创业板涨2%，你TMD绿盘！' '股票太集中庄家大户手里，结果没有对手盘，死水一潭。'],[],[],[],['从最近这两年看，这股很有意思，值得细品、细细品味……'],['跌那么多天，太难看，不过就喜欢你这鸟样' '不出意外，财务造假，和康美一样'],[],"['高度控盘股，大盘涨元力不涨，里面到底是什么花头？不是热点吗？K线如此优美为什么不'
 '半仓在外面都30个点利润了，你太耽误时间了，看样子真是等下周了，']",[],[],['玛德快跳谁啊'],[],[],[],[]
2020-07-23,"['刚刚发的帖子没有被通过，只能在回复里发，大致意思是说，大盘涨元力跌，大盘大涨他小' '元力股份:2020年第二次临时股东大会决议公告'
 '元力股份:2020年第二次临时股东大会的法律意见书' '垃圾股！沒成交量！远离耗不起']",[],[],['你问公司的产品能用于新能源汽车产业链吗？'],[],['还压缩在20.25/21.25之间[傲]'],[],['20.00有一个支撑位'],[],[],['满仓了，你随意'],['元力股份:关于2020年限制性股票激励计划内幕信息知情人及激励对象买卖公司股票情况的自查报告'],[],[],[],[],[],['创业板红了'],[],['比较一下'],[],[],[],[],['哈哈！不是一般的垃圾庄股']
2020-07-24,"['大垃圾' '元力股份:上海荣正投资咨询股份有限公司关于公司2020年限制性股票激励计划首次授予相关事项之独立财务顾问报告'
 '元力股份:关于向激励对象首次授予限制性股票的公告' '元力股份:2020年限制性股票激励计划首次授予激励对象名单(授予日)'
 '元力股份:福建武夷律师事务所关于公司2020年限制性股票激励计划首次授予事项的法律意见书' '元力股份:第四届监事会第二十次会议决议公告'
 '元力股份:关于签订募集资金监管协议的公告' '元力股份:监事会关于2020年限制性股票激励计划首次授予激励对象名单的核查意见'
 '元力股份:第四届董事会第二十一次会议决议公告' '元力股份:独立董事关于向激励对象首次授予限制性股票的独立意见'
 '元力股份：未发现激励计划知情人及激励对象有内幕交易行为' '今天能涨5个点不？']",[],[],['别这样，恒久必跌的'],[],['请问董秘，公司的电容碳开始量产了吗？'],['真TM无底线'],[],[],[],[],[],[],['又可以买点了，哈哈' '跟跌不跟涨元力这走势太不要脸' '！'],[],['只跌不漲，不停出货，大家千万小心'],[],[],[],[],['创业板涨你不涨，创业板跌，你比谁都快，你这个票是想好了退市嘛？我作为一个散户，大'],[],[],[],[]
2020-07-27,[],['300174，真的是3年要去si'],[],['走了，不跟他玩了，浪费人生，守了一年半，赚了几万'],['你下来啊'],['下来，重金等你' '定增价才12块，现在买入想赚钱起码过半年'],[],[],[],['200手就吓的你不敢下来，熊样'],[],['这个傻庄既然可以4分钟没一手交易，大家快跑吧，让这个傻庄自己去玩'],[],['大盘涨你不涨，大盘小跌你大跌跟跌不涨的拉圾货'],[],[],['请问公司中报何时发？没有半年度预告？业绩是否不佳？？'],[],[],[],[],['再跌多一点，我在等你'],[],[],[]
2020-07-28,['每次上拉都是减仓的机会，' '卖出，卖出，'],[],[],[],[],['卧倒休息'],[],[],[],[],['股性排名3597'],[],[],[],['盘太小，除非成妖股。或则没戏'],['300174昨天无量下跌3%，今天继续缩量，多方力量多弱啊，无量下跌3%充分说明'],['厉害，23接的'],['庄家牛B，吃肉不吐骨头的那种，大家小心'],['30日线19.29撑的住吗？'],[],[],['任何時候賣出这个垃圾都是对的，让庄家自己玩死自己'],[],[],[]
2020-07-29,"['临近收盘抢了120手，明天会怎样？' '超级电容，社保新进，有前途[买入][买入][买入]' '最后子弹打完了，梭哈了话。不到36不走了'
 '半山腰上出货出不了，只有望山底下走。']",[],['投降了，保10万利润，刚刚都还你了，你真的恶心'],['一个散户就能把他干怕下的票' '他什么概念都不跟风，我行我素，既然庄家，大股东不想，我们小散也回天无力，大盘涨跌'],[],['早上卖了一半，买东吴，赚了5个点，等你跌到18，再回来收拾你'],[],[],[],[],['你真的一个，' '从2月底拿到现在，毛都没有赚到，今天实在是看不下去了，19.08全部清了，现阶段'],[],[],[],[],[],[],[],[],[],[],[],[],[],['请问贵公司子公司，有生产疫苗玻璃瓶这类吗']
2020-07-30,"['我就不信这个邪，他大股东不想赚钱？除非无庄，因为筹码太集中了，集中在谁手里呢？人'
 '元力基本面没问题。从去年11月到今年7月大半年的时间盘整，庄的成本应该就在16.']",[],[],[],[],['典型特征：高开低走！操手水平很差'],[],[],['社保持仓1.782，全仓跟了[买入][买入][买入]'],[],['主要是利好全部兑现，定增完成，激励完成，而且去年基数低，激励很好完成，目前对应2'],[],[],['你个死b股，跌跌不休呀……财务造假……股价和市值不对应……散户都不玩你的时候，你'],['18.8.8等你[呲牙]' '用力卖，反正散户不多，对打呗，搞到1块钱最好，然后退市'],[],[],['继续出货'],[],[],['已亏15个点，有人比我更惨的吗？' '牛逼'],['继续压，跌停' '别的不多说，要上车的赶快上车，只渡有缘人'],['套的短气了'],[],['什麼烂公司，只圈钱！']
2020-07-31,"['收盘一小跳是什么意思？高手解答一下' '这是教科书级别的标准的单边下跌加上最后拉尾盘，估计明天还是下跌。明天低点在18.'
 '7.2号收盘价18.99元，7.30号最低价18.99元，整整一个月从终点回到了'
 '一句话，买买买，趁着现在没有其他杂物基金信托保险持股，只有社保在，赶紧建仓，等其']",[],['筹码都在大股东手里，没有庄家愿意拉抬，只能股东自己玩了，17个交易日跌跌不休，八' '市场暴涨，一动不动，厉害厉害'],['社保绿韭菜，赶紧拉两个板啊，把人气拉进百强，就开始上天了[抓狂][抓狂][抓狂]'],[],['股价严重被操纵了！应电话问下证监会'],['最好跌到一元' '最好跌到一元'],[],[],[],['我也是瞎了眼睛子，买了你这个股！'],[],[],['这股7月9日以来几乎没涨过，小庄7月初拉了一阵就怕货出不了，户数少接盘少，格局小'],[],[],['每次反弹都是减仓机会，这个主力太坏了。'],['卧槽，什么情况，红了[得意][得意]莫非传说中的主力来了！' '曹尼大野的，割在了次低点[哭]'],[],['再不拉。散户都给你拉起来了。'],[],[],[],[],[]
2020-08-03,[],[],[],[],[],[],['哎太磨蹭了'],['低调向上，不要涨停，只要涨不停[看多][看多][看多]'],[],[],[],[],[],[],[],[],[],[],[],[],['垃圾一个'],[],[],[],[]
2020-08-04,['社保成本20.15左右，老乡别走，相信社保[看多][看多][看多][看多]' '西藏元力：还是药好。请看西藏药业，从20涨到171'],[],[],[],[],[],['还会掉' '还会掉'],['到19元才可以买的'],[],[],['死气沉沉，一点人气都没有'],[],[],[],[],[],[],[],[],[],[],[],[],[],[]
2020-08-05,[],[],[],[],['恭喜：西藏无力，正式改名注册'],[],[],[],[],"['请问贵公司属于创业板嘛？' '碰到了死元力，最没用的就是你这个元力股份了，行情那么好[大哭]'
 '最好可以申请退市了，股票有风险，贵公司估计也有风险吧……']",['准备抄底了！明天启动'],[],[],[],[],[],[],[],[],['我也是醉了，社保就这眼光吗？哎，无力吐槽了，不看了[好困惑][好困惑][好困惑]'],[],[],['表现最差股' '表现最差股'],['好股呀，每天带绿帽子！' '此股纯粹属于垃圾版块'],['这个票一期看到每50元']
2020-08-06,['董秘您好，请问员工股权激励的股票来源是什么，是否为公司二级市场回购，还是大股东协' '无人接棒上不去'],['600165不是已经做好表率了吗'],['全体队友，听我口令，卧倒装死！'],[],[],[],[],['19.50压盘，庄家你继续表演吧，19.50X2就是我出来的目标！' '坚定看好'],[],[],['走了，你们慢慢发财吧！玩不起'],[],[],[],['垃圾庄，一天到晚卖，大家千万不要买，买就套的你生不如死！让庄自己玩死自己！'],[],[],"['有种放量下跌，阴跌害死人，怕人抢你筹码呀' '百分七十的票都稳定，大股东也没减持，游戏部分已经出售，公司集中力量全力发展活性炭'
 '19全部买回来' '只跌不漲！']",[],[],[],[],['跌的最快最狠！涨的最慢最小！死庄'],[],[]
2020-08-07,"['明天大盘危险，元力要是成了无力跟了大盘，那突破19向下可就不妙呀!明天18.88'
 '分析如下：大盘大跌时，元力能顶住，至少不跌停。大盘跌时，元力可以不跌大盘涨时，元' '19等你，不下来时孙顺子' '明天有点东西，']",['无量上涨，庄已经随心所欲了，看好涨停'],[],[],[],[],"['20.6出了，本来想19.9接，看这大盘行情还是留着资金吧' '买的福田汽车和你，福田汽车涨停了，你也加油，不知道有没有氢能源电池概念。'
 '拉一下就没了，什么时候你也当一回活性炭龙一[凄凉][凄凉]']",[],['过段时间在来看你了'],[],[],[],[],[],[],[],[],[],[],[],[],[],[],[],['已建轻仓，赚点菜钱，毕涨，下周不涨不可能，涨涨涨！']
2020-08-10,[],[],[],[],['19满仓等你'],[],[],[],[],[],[],['重金等你，来个跌停'],[],[],[],[],['速度跌到16块，我来接盘！[大笑][大笑][大笑]'],[],['死气沉沉'],[],[],[],[],[],['元力垃圾股' '自己把自己搞成了烂公司了，哈哈哈哈哈哈哈哈哈']
2020-08-11,['垃圾不如'],[],['庄家厉害，磨到我没脾气'],['快到19块，搞满仓挂着呢'],['证监会正严查打压股价，操纵股价！大家可以电话下'],[],['买到这票也是够倒霉的，无力股份，公司取名，号码174，不死才怪……'],[],['够垃圾'],['成交一半'],['庄家多打压点，反正沒人买'],[],[],[],['又死叉了，走人' '难得的血性啊，主力难得硬一回'],[],[],[],[],[],[],[],[],[],[]
2020-08-12,['恭喜：西藏无力'],['19都能被你套住，你太厉害'],[],[],['完了'],[],['就问大家服不服，庄稼开始打压摊低成本，这波看到16.88以下'],[],[],[],['18.90丢筹码了'],[],[],[],['买就是了，去哪里找每年增长20-40%的稳定股票呢？股权激励在呢'],[],['感谢老天让我昨天开明了一次，减持了，死股，还会更死，外盘没人，内盘自己卖，最后全'],[],[],[],[],[],[],['三安，东山，人家就是[赞]'],[]
2020-08-13,['最近活性炭生意很难做。还会跌，现在千万别买，很快回到原点。如果大盘不好，肯定跌破'],[],[],[],[],[],[],[],[],[],[],['元力股份会业绩变脸吗，中报业绩预减，原因是受疫情影响，公司活性炭量价齐跌，股价量'],[],[],[],[],[],[],[],[],[],[],[],[],[]
2020-08-14,['没30不走'],[],[],[],[],[],[],[],[],[],[],['收到20.8'],[],[],[],[],[],[],['无力吐槽'],['这个总归是高开高走，低开低走，平开低走'],[],[],['十分的股票'],[],['乌龟压着']
2020-08-17,[],[],['恶庄，总是和大盘对着干，你好好洗' '实在无语'],[],['早上开盘拉高出货，大家可以早上高抛低吸'],[],['厉害了，阴跌'],['狗庄鬼压身！'],[],[],[],['耐心等待，只要今天大盘不倒，他就会慢慢向上跑。'],[],[],[],['别装了，下来吧，万花丛中一点绿，说的就是你'],[],[],[],['萎的很' '萎的很'],[],[],[],[],[]
2020-08-18,"['号外：落后指数1000点！' '这货难道真的在等20涨幅，不是一般墨迹'
 '元力股份己趺无可跌！大家抓紧时间上车！中报业绩增长明天最后一班车快上车！拿稳筹码' '今天开盘怎么趺停' '什么情况啊。。。']",[],[],[],[],[],[],[],[],[],[],['无量跌就买，挂大卖盘更买。他们在等人上车，我们可以达便车。二年不涨怕个球，如果没'],[],[],[],[],['快跑'],[],[],[],[],['稳稳的'],['最多跌到16块，没得跌了'],[],['狗庄！什么特么玩意']
2020-08-19,['我20.25元买左5手啊！快9月1号返学本想赚个车费！希望大家拉到20.35元即' '元力，一个隐藏更深层的超级电容科技概念股'],[],[],[],[],[],['买元力股份真是个悲哀'],[],[],[],['乌龟又要压着了，'],[],[],[],[],[],[],[],[],[],[],[],[],[],['今天小跌跌，明天到跌停板买好股。']
2020-08-20,['优秀，真的不错。'],[],[],[],[],[],[],[],[],[],[],[],[],[],[],[],[],[],[],[],[],[],[],[],[]
2020-08-21,['远离》元力.勿抄底' '元力股份:关于收到资源综合利用产品增值税退税的公告'],[],[],[],[],[],[],['拉高就快跑！！！最后的机会'],[],[],[],[],[],[],[],[],['18.5等你下来' '满仓' '只剩我孤军奋战了，股吧没人了'],[],[],[],[],['果不其然，死猪一只'],[],[],['明天开始又阴跌几天']
2020-08-24,['是等到注册制才会大涨吗？'],[],[],[],[],[],[],[],[],[],[],['就是看你们全喊空，我18.89进了几手玩一玩'],[],[],[],[],[],[],[],[],[],[],[],[],[]
2020-08-25,['转发'],[],[],[],[],[],[],['昨天就卖了，一卖就涨'],[],[],[],[],[],[],[],[],[],[],[],[],['量还是不行'],['别逆着大盘干了，你没这个实力，赶紧下来老子吸一口[大笑]'],[],[],[]
2020-08-26,['20.2买了500手，希望不会被埋[拜神]' '估计是想趁着创业板新股的火爆，悄悄地涨一点'],[],[],[],[],[],[],[],['环保概念涨疯了，你不动，阿力'],[],[],['这个烂东西什么时候摘牌啊'],[],[],[],[],[],[],[],[],[],[],[],[],[]
2020-08-27,['这股有点变态……明天如果低开下杀会是什么局面！'],[],[],[],[],[],[],[],[],[],"['你能红吗？' '就因为我刚刚买了2手，你就不涨了，很女人' 'NND挂单撤单恶作剧，投诉' '狗庄！一天到晚磨磨唧唧'
 '昨天20卖了，短期会在这个位置磨。去金力转一转去']",['散了吧，这股近期不会跌也不会大涨，要等所有人都喊跌才会涨'],[],[],[],[],[],[],[],[],[],[],[],['中报不看好，不然不会这样，跑吧'],[]
2020-08-28,"['元力股份:国金证券股份有限公司关于公司新增日常关联交易预计的专项核查意见' '元力股份:关于签订三方监管协议的公告'
 '元力股份:第四届监事会第二十一次会议决议公告' '元力股份:2020年半年度报告披露的提示性公告'
 '元力股份:第四届董事会第二十二次会议决议公告' '元力股份:国金证券股份有限公司关于公司2020年半年度跟踪报告'
 '元力股份:关于募集资金投资项目部分投产的公告' '元力股份:2020年半年度报告'
 '元力股份:董事会关于2020年半年度募集资金存放与使用情况的专项报告' '元力股份:关于新增2020年度日常关联交易预计公告'
 '元力股份:2020年半年度报告摘要' '元力股份:独立董事对相关事项的独立意见' '元力股份：2020上半年净利润同比增长31.09%'
 '中报己出！系人的猜猜明天是涨/趺？本人猜涨停回落收市涨5个点！！！大家猜猜！！！'
 '凭此报告值得长期持有！福建三只(宁德时代、金达威、元力股份）独角兽！唯一元力还没' '股东户数才几千房，怪不得这么冷清！']",[],[],[],[],[],['元力的庄你怎么老是上不来了[大笑][呲牙]，原因在哪里，真的不行该去补补了，' '为什么有利好也不涨'],[],[],[],['难道只有我觉得这是最大的亮点吗？' '这公司就在我老家' '我弟还在这公司当工人'],['这厮是创业板块的股票吗[大笑][大笑][为什么][为什么]' '这个庄太会忽悠人了'],[],['每天一点钟开始拉'],"['元力股份：2020上半年归母净利润同比上升31.09%,关注重大资产重组对业绩影响']",['准备拉20个点[大笑]' '自挂自买，我先走咯，计划20.4卖的，20.5已经很满足了[大笑]'],[],['千万别买，等他下来再盘他，大家不出手，恶庄拉上去也没用'],[],['狗庄，在这位子倒手' '开始飙升，大家不要抛，都等28才出[呲牙][呲牙][呲牙]' '傻冒才一直拋，人家已经是收货拉升，配合下[抓狂]'],[],[],[],['每次放一炮就下来了[呲牙]'],['不玩了']
2020-08-31,[],[],[],[],[],[],['给你十分钟加油起飞'],[],[],['希望下午你起飞[想一下]'],[],[],[],['这股像一只猴子上蹿下跳，露一下红股，马上就拉绿'],[],[],[],[],[],['元力资金都是流入怎么会跌[哭][哭][哭]'],[],[],[],[],[]
2020-09-01,['请问贵公司今年新增150吨超级电容炭的营业收入可占到全年营业收入的百分比是多少啊' '这个垃圾公司到底是哪个板块？哪个板块跌，他都跟着跌'],[],[],['真够垃圾的'],[],['难道你想学昨天吗？这主力会玩[为什么]' '你都不配在创业板里呆着，滚出去吧'],[],[],[],[],[],['我看不懂这股，我是买了卖，卖了买！赚不到钱，也亏不到什么！到底哪里出了问题啊'],[],[],['主力不够强，天天做t，大家配合跟随。'],[],[],[],[],[],[],[],[],[],[]
2020-09-02,['元力股份:关于完成工商变更登记的公告' '20.4元出了，几天错失了太多其他机会。' '看来这股要做T才行'],['介入'],[],[],[],[],[],[],[],[],['元力做t的几点心得，最主要的，一定要先买，然后逢高卖出，不能t飞了。今早2个点意'],[],[],[],[],[],[],['形态基本出头了，就差出点量了。'],[],[],['我刚买了，你是不是马上就要跌呀？'],[],[],[],['收盘价20.88，就这么愉快地决定了']
2020-09-03,"['最近创业板涨20%的股票层出不穷。一个月可以涨2~3倍。真是机遇，过了这个村没那'
 '公司领导能发布点好消息吗，太清净了，交易量也放不出来，天天看着创业板涨停的一大堆']",[],[],[],['连个托单都没，主力挂好准备出逃了'],[],[],[],[],['今天就是顽强，就是打算向上，大家努力打死空头。'],['缺一个20%来激活人气，元力有上百元的潜力！' '清完了，随你怎么跌了[献花]'],[],[],[],[],['19快进，21出来了，留下的发财！'],[],[],[],[],['庄已疲惫，今天就这样了，明天再说。'],[],[],[],['元力股份短期能破前高吗']
2020-09-04,['最近监管层比较宽容，乐歌股份涨4倍，非常顺利！有时又很严' '20%揭盖子喽' '这股感觉后期有爆发力，好股' '不死不活的，不玩了全部清仓'],['逃命吧'],[],[],[],[],[],['主力出货'],[],['20进300手快下来'],[],[],[],[],[],[],[],['大盘上来了，你也上来吧'],[],['快逃，回光返照'],[],[],[],[],[]
2020-09-07,['今天20.2附近可以开始建仓'],[],[],[],['今天可以散了，主力对倒，没量上不去。' '2货！狗庄' '死主力，走了'],[],[],[],[],[],['无量，无解'],[],[],['真是个怂货' '你真的不应该在创业板待着，滚去新三板吧'],[],[],[],[],['只是控盘并不拉升。走了。'],['死主力，跳水吧'],[],[],[],[],[]
2020-09-08,"['元力股份:关于持股5%以上股东减持股份预披露公告' '元力股份：股东拟减持不超过3%公司股份' '明天大跌，加仓，就是看你业绩好'
 '去年的上涨大家都没收到内幕消息吗，赚了六个板板[大笑]' '明天不涨来打我[呲牙]' '元力股份股东拟减持不超3%公司股份'
 '明天跌停，重金等你' '参考大方集团' '大宗交易与散户无关，集中交易目前的交易量无法实现，15个交易日后，必涨无疑，拿着'
 '公司向32家机构定增，定增之前，他们持有公司股份吗？']",[],[],['典型的利空吸筹，'],['满仓[色]'],[],[],[],['砸下来，继续买就是啦，去哪里找业绩每年递增20%以上的股票去。爱上你520' '奶奶的！狗庄！'],['破位跌死人[哭]' '干就完了'],['连续减持，快跑'],[],[],[],['原先对你深以为然，，' '现在对你不以为然'],[],[],['这股票会不会st啊？'],['完力' '今天总成交2%不到就跌了8%，这要减持3%，还不腰斩' '20CM大刀舞起来'],['发个坏消息，估计就等我的筹码，你还是太天真'],[],['快跑，10元见' '我已经三令五申劝大家抛，还要我怎么说？'],[],['CNN.垃圾货'],['今天被这垃圾坑了']
2020-09-09,"['能加餐吗？[好困惑][为什么][为什么][为什么]' '袁永刚2016年7月份进入的，买入金额3亿多，按照今天这个股价，袁永刚持股市值4'
 '死叉' '一根大阴线，把上涨趋势全走坏了，创业板涨那么多，一点反应都没有' '列入备选！' '19，08有出逃的机会吗'
 '减持，股价会大跌。感觉可以买入' '袁永刚是缺钱了' '天龙光电被st都没你跌的多' '关注创业板补涨概念' '今天再跌三个点，满仓干'
 '准备抄底呢又起来了[哭]' '低位的股票在大盘调整的时候是最好的机会！和那些涨几倍的高位股形成跷跷板效应']",[],[],[],[],[],['真是个垃圾' '今天要直蹦到18.1再考虑抄底'],['创业板票，闭着眼买一个都比你强，'],[],[],"['一直观察元力的庄家，要么是女人，要么是个没实力的菜鸟，浪费行情' '这股不上不下的是几个意思，前几天不涨今天不跌，你个创业板的比A50还仙'
 '大股东减持超过900万股，100手要砸900多次，自己算能跌到哪里！10元见！']",['双针探底？'],[],[],[],['人家创业翻几倍，都没大跌，你个垃圾庄家' '慢慢加仓就是了！'],[],[],[],['叠不动了[成交][大笑][牛][傲]'],[],['割肉的差不多了，可以入了'],[],['四天快跌一个板了，'],[]
2020-09-10,['元力特别垃圾，庄更垃圾' '破位了，目标16'],[],[],['这货跟新宙邦的' '这货跟新宙斯的' '这个股没格局，是新宙邦的跟pichong' '买新宙邦也不要买跟风股'],['想骂你，却发不出去'],['跌破18.18直接清仓'],[],['故意砸到18.01半年线上一分不差[赞][赞][赞]'],['我全部清仓了，这波本来赚不少回撤了。跌破18.13上涨段结束，耐心等下次机会了。'],[],['主力，你这么多爹，你减持没有接盘的，只有涨停才能减持掉' '能要点比脸不？' '减持加创业板下跌，只能一路向下'],[],[],[],[],[],[],['再见，再也不见'],['庄要的就是这种效果，纷纷割肉，上面压盘，底下悄悄吃点筹码，现在散户不可能敢去抄底'],['该股基本滞后，底下大托单你不砸也会有资金一路狂砸下去的，然后再任其逍遥了' '然后就有小散融资买入，过几天拉几个点后融券卖出，仅此而已'],[],['厉害了，[赞]'],['继续下跌' '来个跌停[微笑]'],['年线都没了，还半年线来。'],['尾盘抢筹？']
2020-09-11,[],[],[],['在减持时，小散不要进了，让他们自己左手右手到吧'],[],[],[],[],[],[],['几十首卖单都压的你翻不了身'],[],[],[],[],[],[],[],[],[],['没人玩的垃圾了'],[],['人家随便反弹十个点，你连一个点都没有，真服了'],['元力的庄家确实没用'],[]
2020-09-14,[],[],[],[],['真垃圾'],[],[],[],[],[],[],[],[],[],[],[],[],['又开启僵尸模式[大笑]'],[],[],[],[],[],[],[]
2020-09-15,[],[],[],[],[],[],[],[],[],[],['完全无力股份[滴汗]'],[],[],[],[],[],[],['就你这样的也配叫做创业板。'],[],[],['今天绝逼有大宗交易' '价值严重高估，36计，跑为上去。'],[],['快跑！一直在大单出货'],['袁大头开始交易了，说明价格谈好了'],[]
2020-09-16,['特斯拉超级电池日，你就是最耀眼的星'],[],[],[],[],[],[],[],[],[],[],[],[],[],[],[],['今天买了点，最近被减持公告压的够呛，小试水温，只操作行业龙头股，跟着老董喝点汤。' '突然这么一下子'],[],[],[],[],[],[],[],[]
2020-09-17,['昨天人气3700，今天就1700'],[],[],[],[],[],[],['洗洗睡吧，集合竞价诱多的票怎么可能涨[呲牙][呲牙]'],[],[],[],[],[],['交易好清淡呀'],[],[],[],[],['真垃圾'],['一上一下，啥意思啊！又要跑路吗'],[],['元力，换手率太低了'],[],[],['这也配叫创业板[得意]']
2020-09-18,['元力股份：主力资金净流入177.57万，净占比6.10%（09-17）' '比亚迪都涨停了哎' '比亚迪都涨停了哎'],[],[],[],[],[],[],[],[],[],[],['哈哈哈，大股东减持了'],[],['上周夹击[大笑]'],[],[],[],['主力已控盘'],[],['牛逼，都不准备红，[呲牙]'],[],['你大爷还是你大爷' '你大爷还是你大爷'],['这行情如果不是故意压盘怎么也涨了'],['你元力够垃圾'],[]
2020-09-21,[],['真正的无力股份'],[],[],[],[],[],[],[],['元力，你真[赞][笑哭]'],['垃圾，赶紧跌下来，重金等你' '垃圾，有种跌倒10块，我一万块和你刚得起'],['16必会到达'],[],[],[],[],[],[],[],[],[],[],[],[],['谁是接盘侠，纳闷的问题']
2020-09-22,"['特斯拉，超级电容。' '元力股份：主力资金净流出265.2万，净占比-10.64%（09-21）'
 '2020年9月23日，特斯拉的电池日即将公布超级电容Maxwell干电池电极请问'
 '赚了一圈回来，看看元力是否有机会还是老样子操盘，明天跌，我趁势买点，可以考虑！' '最后那个大户进了600手，我卖了' '你们全是蠢朱！']",[],[],['加油，今天站上19'],[],[],[],[],[],[],[],[],[],[],[],[],[],[],[],[],[],[],[],[],['逃吧，支撑也破了' '晚上电池日，表现一波，争取做创业板龙一']
2020-09-23,['当心假摔变真摔' '元力股份：主力资金连续3天净流出累计655.6万元（09-22）' '已破位！继续跌！主要是大股东减持影响造成的！'],[],['特斯拉的发布会不达预期。元力宣告漫长的阴跌继续。'],[],[],['袁大头合适减持快减持把'],[],[],[],[],[],[],[],[],[],['太强了，阿力'],[],[],[],['比见你最强，中国第一箭' '这种走势，那个傻孩子去接主力和庄家的减持，只有涨停才能大批减持'],[],[],[],[],[]
2020-09-24,"['元力股份：主力资金连续4天净流出累计846.65万元（09-23）'
 '估计，袁永刚原先是想趁着特斯拉电池日发布的大利好，股价大涨，趁机减持。没想到马斯' '元力是特斯拉概念股吗' '元力股份盘前必读(09-23)']",[],['今天还不跑的等着被闷'],[],[],[],[],[],[],[],['17.30' '剑货' '反抽没动力了，快跑'],[],[],[],[],[],[],[],[],[],[],[],[],['为啥还不跌停？看不起我的重金吗？'],[]
2020-09-25,['元力股份：主力资金连续5天净流出累计937.02万元（09-24）' '元力股份盘前必读(09-24)'],[],[],[],[],[],[],[],[],[],[],[],[],[],[],[],[],[],[],['见底了见底了吗？'],[],[],[],[],[]
2020-09-28,['元力股份盘前必读(09-25)'],[],[],[],[],[],[],[],[],[],[],[],[],[],[],[],[],[],['撑不了就下来，别装了'],[],[],[],[],[],[]
2020-09-29,['元力股份：主力资金净流出138.15万，净占比-12.22%（09-28）' '元力股份盘前必读(09-28)'],[],['这个主力和庄就是，你拉不起来，减持谁接盘啊'],[],[],[],[],[],[],[],[],[],[],[],[],[],[],[],[],[],[],[],[],[],[]
2020-09-30,"['元力股份：主力资金净流入152.81万，净占比10.27%（09-29）' '等新政策出台收拾你' '三季度预告有惊喜吗？'
 '元力股份盘前回顾(09-29)']",[],[],[],[],[],[],[],['真，无语……'],[],[],[],['元力再不起，就真不起了，那可以真没力了。'],[],[],[],[],[],[],[],['买盘的兄弟补仓好时机来了，加仓加仓。'],[],[],[],[]
2020-10-09,['元力股份盘前回顾(09-30)'],[],[],[],[],[],[],['袁大头错过了减持的大好时机'],[],[],[],['垃圾无底线' '人气太弱，跑不赢指数，换股了……'],[],[],[],[],[],[],[],[],[],[],[],[],[]
2020-10-12,['元力股份盘前回顾(10-09)'],[],[],[],[],[],[],['袁大头还不赶快趁大盘好找个合伙人好坚持啊'],[],[],['快跑吧，一泡污'],['卖了，再也不碰这垃圾！'],[],[],[],[],[],[],[],[],[],[],[],[],[]
2020-10-13,"['元力股份：主力资金净流入25.44万，净占比0.54%（10-12）' '元力股份:关于变更部分募集资金投资项目实施主体的公告'
 '元力股份:第四届董事会第二十四次会议决议公告' '元力股份:国金证券股份有限公司关于公司变更部分募集资金投资项目实施主体的核查意见'
 '元力股份:第四届监事会第二十二次会议决议公告' '元力股份:独立董事对变更部分募集资金投资项目实施主体的独立意见'
 '元力股份盘前回顾(10-12)']",[],[],[],['每天都跟一个死股一样，不上不下的'],[],[],[],[],[],[],[],[],[],[],[],['看来袁大头并不想减持'],[],[],[],['这个元力太无希望，三十多拿到现在，和庄半死不活一个样[大哭][大哭][大哭]'],[],[],[],[]
2020-10-14,"['元力股票特垃圾' '元力股份：主力资金净流入49.99万，净占比1.24%（10-13）'
 '元力不涨原因：流动筹码太少了，庄很难收集筹码而放弃坐庄！建议元力管理层10送20' '不信你不拉，有种你继续跌，继续装' '可恶'
 '无力胜有力，总有牛逼的时候，好好磨，等你上30' '跌停开盘？' '[怒]14.66有本事放着，不要撒，']",[],[],[],[],['元力股份盘前回顾(10-13)'],[],[],[],[],[],[],[],['回到17元'],['看看300174以往的个性，这个公司主要业绩好，业绩预告会很早就公布的，今年到现'],[],[],[],[],[],[],[],[],[],['是袁大头不让张还是庄家刻意压盘']
2020-10-15,"['元力股份：主力资金连续3天净流入累计119.93万元（10-14）' '这个公司就是垃圾' '明天大盘回调，等元力跌停板' '明天涨20%'
 '元力股份盘前回顾(10-14)']",[],[],[],[],[],[],[],[],[],['元力是做烧烤的材料的公司有什么作为，对你这个无力股票死心了。' '我就问一句：你属不属于超级电容，要是不属于超级电容概念，你就别占着茅坑不拉'],[],[],[],[],[],[],[],[],[],['阴跌无㡳洞' '减持已开始，等待慢慢熊下去'],[],[],['卖炭翁，伐薪烧炭南山中。这就是一家苦逼公司'],['牛逼啦大盘不跳我来跳']
2020-10-16,"['元力股份：主力资金连续4天净流入累计134.59万元（10-15）' '烧烤概念股，16见'
 '低位割了2.3万股有点后悔，明天低位补回来做个差价！' '久盘必暴跌' 'M头形成将进入下降通道' '10月份抱紧坐轿等涨！'
 '元力股份盘前回顾(10-15)']",[],[],[],[],[],['这是要放量下跌吗？'],['要经历一场暴跌急跌才能反弹'],['要跌破前期启涨点15.8才有希望反弹'],['！你个2货！'],['破年线还不跑，最少还有30跌幅' '跌停' '巳跌破5周均线' '跌破了前面双㡳' '我还会回来的！'],['17.61忘了它下行，被前面的成功经验误导了，判断失误，下周争取17.66卖出，'],[],[],[],['下行格局巳成出利好诱多' '这哥不行了，走人'],['元力股份，现价17.36，我来了[想一下][想一下][想一下]'],[],[],[],[],[],[],['坚持就是胜利，加油。能拿到现在的都不是一般人，主力也就这点能耐了。这么好的公司不'],[]
2020-10-19,['元力股份盘前回顾(10-16)'],[],[],[],[],[],[],['元力股份，现价17.59，小赚1%，撤了，祝留下的发财[想一下][想一下]'],[],[],[],[],[],[],[],[],[],[],['17.71出了17.61的本'],[],[],['无力股份，创业板改成20%涨跌幅度了，你也来一个20%涨幅带带人气，不然就像死几'],['坚持就是胜利，不要轻易下车，'],[],['5个点 追进来 是对的。' '[捂脸][捂脸][捂脸]' '首先排除利好，那么就肯定是主力出逃' '爽歪歪']
2020-10-20,"['[捂脸][捂脸][捂脸]这个操作水准，前无古人后无来者[捂脸][捂脸][捂脸]@' '18块4毛好容易解套出来了！没有想到出现这样情况[哭]'
 '看样子三季报不错，要涨了' '特大利好，三季报增长500%，每股收益1.5元'
 '元力股份：主力资金净流入846.26万，净占比7.68%（10-19）'
 '这个股从20块一路买到上周的17.4。到今天终于喝上一口汤了.....' '梭哈，还好买在中低位' '明天报业绩，应该是业绩好，主力提前拉升了'
 '元力股份:第四届董事会第二十五次会议决议公告' '元力股份:2020年第三季度报告披露的提示性公告' '元力股份:2020年第三季度报告全文'
 '元力股份：2020年前三季度净利润同比增长39.35%' '元力股份-2020年度业绩预告（10-20)' '完美'
 '行业龙头，上市以来今年业绩最好，可股价在半山腰！值得期待！'
 '今天这根大阳线，涨幅10.06%，主力以为拉到了涨停价，可见主力很久不拉涨停的后'
 '$百隆东方(SH601339)$$新黄浦(SH600638)$都说机会是跌出来的'
 '太可惜了我就当周五要给我点小钱大盘下他上我都预估到了可是没抵住大盘下' '前十大流通股东累计持有1.66亿股累计占流通股比：68.69%'
 '尾盘太强了' '卖了英可瑞，买了你不要让我失望' '元力股份2020年净利润预计增长110%~140%' '元力股份今日热门盘点'
 '买不到，明天涨停' '哇塞[呲牙][呲牙][呲牙]' '一陽定乾坤'
 '哈哈哈还好，我看到游资衔伸股它们官网公布后买了点，就赌今天板的，果然板了，没有让' '元力股份盘前回顾(10-19)']",[],[],[],['24的本钱哪，冲冲冲。'],[],[],[],['攀手不要错过'],[],[],['2020年净利润预计增长110%~140% 走成这样，先出了在的发财' '抄底抄底，抄大底'],[],['这股能起来猪得在天上飞'],[],[],['麻蛋，无力股份 主力压什么？压着出货啊'],[],[],[],['消息配合出货，老配方，老味道，骗骗新散户还可以！交学费！'],[],[],[],[]
2020-10-21,"['【汇正财经】【个股精评】蓝盾股份/元力股份/首商股份' '持有吧，不用看盘，有时间的朋友盘中调整做个丅，接下来一个月下来赚5O％总有的。'
 '元力股份：主力资金净流出42.87万，净占比-0.48%（10-20）' '大概率回到18，垃圾！' '20块就是高位还抄底，没空间，找死。'
 '元力股份今日热门盘点' '这种玩法，只有啊力自己清楚，乱七八糟的，跟牛一样，总有牛的时候，关注元力总有辉煌' '元力股份盘前回顾(10-20)'
 '不懂你今天怎么走？']",[],[],[],[],[],[],[],[],[],[],[],[],[],[],[],['我从15块拿到现在，相信你3年内肯定会上20'],[],[],[],[],[],['跌破19元了，快逃命吧'],['跌破19元了，快逃命吧'],['看它业绩好才买的，：21元的本，掉进坑快2个月了还上不来，浪费了创业板大好行情']
2020-10-22,['元力股份：主力资金净流入7.61万，净占比0.11%（10-21）' '元力股份盘前回顾(10-21)' '你天天低开'],[],[],['8个点足耶'],['有个性，你' '走了，吃个粥时间错过了最高点[哭]'],['没人说话吗？都赚钱了？'],['1分钟小级别回调，19.72居然加仓，连自己都佩服自己的勇气。。。。。' '本来就不看好你，买了你是我犯贱！'],['还能涨吗？还能涨的话我就不卖了。' '明天20厘米，期待。'],['刚开始，别下车，' '下午涨停冲'],['会连续三个20厘米么？' '早盘20.5跑了，留下的发财'],['抱紧坐轿等涨！' '赶紧跑'],['前期高点没有一鼓作气过去，短期没戏'],['不来个20点对不起国家的好政策'],['跑了'],[],[],['还有庄吗？一分钟成交2手[快哭了][快哭了][快哭了][快哭了]'],[],[],[],[],['无庄股这股不拉没有人气，死气沉沉！'],[],[],['元力休想变有力，烂庄。']
2020-10-23,"['量能不济，明天大概率下跌' '日线量能背离，逃命！' '软蛋！狗庄早泄男' '上午卖出.收盘又买回来.明天跌就认了' '此逼明天还会来个低开！'
 '元力股份：主力资金净流入341.24万，净占比3.15%（10-22）' '看明天如何飞腾' '低开高走收长上影线，有多快跑多快[大笑]'
 '今天袁大头16.15卖了9000多万，减持了一半，大好事' '元力股份:关于持股5%以上股东减持计划数量过半的进展暨权益变动的提示性公告'
 '元力股份:简式权益变动报告书' '元力股份：股东袁永刚已减持875.99万股 减持计划数量已过半'
 '元力股份发生大宗交易 成交折价率16.32%' '明天有多快跑多快' '拉高就是为了套现，今天接盘的够呛了。'
 '买入此股就是冲着公司高管赚钱水平高，善拉股价减持。' '明天高开说明下什么情况' '元力股份盘前回顾(10-22)'
 '今天低开10％，收-15％，吃或拉？吃的饱饱的']",['抱紧坐轿等涨！' '这个庄真可怜！穷鬼！'],[],[],[],[],[],[],[],[],[],['不可能涨的兴全解禁在元月份这时候拉上去为你们作嫁衣吗想得美元旦介入'],[],['这个庄根本没钱，估计就是个假名媛，一两分钟成交个几十手，好可怜！'],[],['说你什么好呢，股东和社保一堆人没这本事还想着套现，总共没几个小散在里面玩，怎么套'],[],['两点准时拉升，我已经准备了5亿。[俏皮]'],[],['不怂就是干' '没人骂你了[大笑]'],[],[],[],[],[]
2020-10-26,['低开，没戏'],[],[],['2B果然不争气，丫妈跌'],[],[],[],['元力股份盘前回顾(10-23)'],[],[],[],[],['该涨了'],[],[],[],[],['20Cm随时的，业绩大增一倍多'],[],[],[],[],[],[],[]
2020-10-27,"['元力股份：主力资金净流出224.95万，净占比-4.56%（10-26）' '明天20cm，水玻璃概念！'
 '没什么量啊，明天不下五日线搞一点[加油][加油]' '庄家说了算的股叫控盘，什么时候起涨庄家随便拉']",[],['各位砖家，300174可以关注吗'],[],['天道有轮回，从未饶过谁。没见只跌不涨的，也没见只涨不跌的。小庄你开心就好。'],[],['没人跟，柚子干着急。有本事拉到顶，你看有没人跟风。[大笑][大笑][大笑]'],[],['元力股份盘前回顾(10-26)'],['20厘米'],['第二个太阳快要出来了'],['抱紧坐轿等涨！'],['静悄悄地，静悄悄，只要还有5%的不出就会什么，大家清楚'],[],[],[],[],['回来一看，果然'],[],[],[],[],[],[],[]
2020-10-28,['元力股份：主力资金净流入330.58万，净占比5.81%（10-27）' '没量，下来' '哪天正式公布三季度业绩呀？'],[],[],['向下来个二十厘米'],['两千万资金的琐庄' '元力股份盘前回顾(10-27)' '赶紧减持，减完赶紧滚'],[],['四天都反包不了还在做梦'],[],[],[],[],[],[],['垃圾，强庄早20点了，还给小散机会'],['菜' '就是个垃圾'],[],[],['哎看看别人，再看看这无力股份' '时刻准备低位进入'],[],['上车上车' '垃圾拉垃圾。'],['抽风？为什么？'],['元力你是特别的垃圾股，[滴汗][生气][愤怒]'],['死翘翘了' '大胆进入，恭喜发' '又减持了不少'],[],[]
2020-10-29,"['盘后挂单买一，等着人卖。' '元力股份:关于签订募集资金监管协议的公告'
 '元力股份：主力资金净流出996.81万，净占比-18.49%（10-28）' '异想天开' '请参照2020年6月9日的k线走势'
 '17.35元可以买' '有意思，六月债，还得快。昨天涨点，今天跌完。' '元力股份盘前回顾(10-28)' '好好玩[俏皮]']",[],['20bxd'],[],[],[],[],[],[],[],[],[],[],[],[],['下来了'],[],[],[],['***'],['***'],[],[],['别拿800手出来吓人，再多点'],[]
2020-10-30,"['300174好股，下来做Ｔ,不要负了庄家的美意' '袁永刚终于减持完毕了，明天可以开始拉升了！'
 '元力股份：主力资金净流出59.8万，净占比-1.47%（10-29）' '先不要涨起来，都还几年了，不急'
 '曾经的牛股妖股，现在熊成这样，连一点血性都没有了，太软了' '元力股份盘前回顾(10-29)' 'JB股']",[],[],['你个全家'],['草' '新主力成本16，赶紧跑吧，至少洗半年'],[],[],[],[],[],[],[],[],[],[],[],[],[],[],[],[],['18.5最低，守住'],[],[],[]
2020-11-02,['该群已经濒临灭绝'],['元力股份盘前回顾(10-30)'],['继续找低点，每次拉升都是逃跑的机会'],[],[],[],[],[],[],[],['操交易量都没有的'],[],[],[],[],[],[],[],['你真是给创业板抹黑了'],[],[],['应该公告减持完毕，今天晚上'],[],[],['再见，错过一波']
2020-11-03,"['垃圾' '元力股份：主力资金连续4天净流出累计1520.03万元（11-02）'
 '公司股东减持不超过百分之三，目前减持已接近900万，是否收到股东减持完毕的信息，' '死犊子了你' '明天20cm'
 '师父传授的进攻买1结构到了，信号也出现了，再等几天，不过呢有效跌破17.93就放' '元力股份盘前回顾(11-02)']",[],[],[],[],[],['你拉拉走走均线也好啊'],[],[],['为什么不顺势而为，非等大盘调整吗？'],[],[],[],[],['这厮不干好事，我看出来了'],[],[],[],[],[],[],['拉起点就有空狗大单砸'],[],['尾盘等日常跳水'],[]
2020-11-04,['尾盘偷袭，明天涨停' '元力股份：主力资金净流入39.37万元，净占比1.52%（11-03）' '有本事真往跌停砸' '要起飞了，坐稳'],[],[],[],['元力你真的太烂了'],['元力股份盘前回顾(11-03)' '真可怜小庄，人家大口吃肉，孙子样爬地上' '20日线向下了，今天很关键了，去或留，忐忑！'],[],[],['今天应该是最后的减持了'],[],['如此坑害股民才6钱多股东啊都不放过坑害也要小股东多些的时候'],[],[],[],[],[],[],[],[],[],[],[],[],[],[]
2020-11-05,"['元力股份：主力资金净流出671.39万元，净占比-23.06%（11-04）'
 '筹码集中且惜售，净资产收益率比较高，社保基金入住没有理由不看好你，但美中不足每天' '狗庄！让我骂你点什么好？你个瓜怂！']",['元力股份盘前回顾(11-04)'],[],['拉及装逼'],[],[],[],['这种公司能上市操'],[],['垃圾，' '这个公司真无耻' '***'],[],"['此股处在机构建仓阶段,主力实力较弱,在大势向好时,压着不涨,只想吃低价等码,从其']",[],['没机会了，主力天天流水，不要脸'],[],[],[],[],['十大流通股东林莹，正裕工业也有他。' '收盘不翻绿，我鄙视你！'],[],[],[],['阮小二的继承者' '一只没有性格的猪股'],['小单进大单出，主力再跑' '这个股做的让人欲哭无泪操'],['也只有你死元力不涨']
2020-11-06,"['形态结构信号都到了，MA34压MA170止损在17.95左右，已经连续4天触而不'
 '元力股份：主力资金净流出1414.03万元，净占比-33.96%（11-05）' '调整到位，明天拉伸20cm'
 '13:50-13:56机构沉不住气了，开始倒量，后期成交量不放大到3万以上，则没' '元力股份这样的股票，市场上来说就是实实在在的垃圾'
 '冲破22000元/吨！这个化工品行情火爆概念股名单请收藏数据宝8分钟前3评论智能' '元力与我同在[得意]'
 '年报业绩预增超100%，小盘超级电容概念，能被社保基金看中投资的，放心大胆长期持' '近期关注量能变化，成交突然放大及时上车'
 '元力股份盘前回顾(11-05)']",['垃圾装逼'],[],[],['今天必破年线'],['元力！大盘涨丫不涨，大盘跌你丫到跟的挺好！！' '开盘像只牛，现在是狗熊'],['科技股开始反弹了' '一枚！' '都已经跌成狗了，猪托们就不要出来发利好了。[怒][怒][怒][怒]'],[],['重心越来越低，反弹无量，20日线拐头向下……彻底无语！'],[],['这个诈骗企业'],"['均线拐头向上再进不晚，现在不管洗盘还是减持出货，不能碰' '别看它了、放一年会有意想不到的收获！社保持仓成本还有19元呢，行业前景良好、募资'
 '主力出货真tm的，怕没有人早上高开套人，大家不要买，出不了货，主力就安稳了，说不']",[],[],['可公布减持完成了吧，已经减了900多万股，只有一点点了'],['应该是在底部被人偷吃筹码了，庄家想把他震出去，慢慢等吧！不急，反正业绩不错，不怕'],[],[],[],['这是个穷庄而且还没道德' '笑死人了几分钟都没成交的'],[],['诱多' '应该是减持完成了，补涨20'],['今天只是铺垫，下周才是主角。'],[],[]
2020-11-09,"['元力股份主力资金连续2周净流出合计3226.06万元' '元力股份连续2周融资净偿还合计925.38万元' '元力股份盘前回顾(11-06)'
 '今天悬']",[],[],['今天要涨停'],[],['别慌啊，我刚吃住几手而已呀'],['没有20cm都是在刷流氓，别信这个糟老头'],[],['！还特么100手100手的减'],['我知道操盘手的意图内幕，快买，要涨停'],['股，永不会大涨，卖。' '这个货，不在17.95之下低开，基本没有什么大机会。'],['放心持有，参考19号的走势。' '减持基本结束，业绩基本可以翻倍，股价上行已无后顾之忧，耐心等涨。'],['纳指期货道指期货都在涨，晚上欧美股市大概率高开高走，今天不买，明天只会更高。'],['永远是个垃圾'],['20cm蓄势'],[],[],['重要的事情说三遍：满仓，满仓，满仓，要涨停' '3000手的事聪明人'],[],[],['蓄力中'],[],['一帮唱多的，尾盘等跳水'],[],[]
2020-11-10,"['不行呀！' '这个垃圾，涨的时候落后于大盘，跌的时候领先于大盘。' '我不是拖，明天涨赢大盘。' '真是个耻辱垃圾公司'
 '元力股份：主力资金净流出334.58万元，净占比-6.08%（11-09）' '这么倒霉买了这个垃圾公司的股票'
 '对你真的感到恶心，连喝酒的心情都没有' '准备开始整顿100元以上的股票，现在太多了，不整顿，以后都是高价股，每只股票乘1'
 '向上20cm来2个？']",[],[],[],['元力股份盘前回顾(11-09)' '垃圾，解套就跑，恶庄'],['下降通道莫碰'],[],['垃圾'],[],[],['好牛啊板块排名第三垃圾公司'],[],['解套就跑，恶庄，跌破16才有真正反弹'],"['进攻买1形态MA34压MA170今天不去MA170,冲上18.45直接加仓如果上']",['又要跌一个月了，恶庄，操纵股价，必须打击'],['压力很大，很难上去' '没千手大单是上不去的' '一出就拉' '19.20追高了，估计完了！'],[],['今年寒冬，利好元力股份！'],['下来吧，不怕吓晕你自己？'],[],['次次玩一样的套路'],['回光返照，赶紧逃命！！！'],[],[],[]
2020-11-11,"['这票是假的创业板。' '基本面大改，目标价30' '元力股份：主力资金净流入1195.4万元，净占比8.49%（11-10）'
 '这种操似股价的坐庄行为，是爱打击的，那天就成问题股了，因为严重扰乱市场，坑害投资'
 '300174成交量已放大，明天假如继续维持这个放量，那么近期将走出一波行情，拭目'
 '大家看一下活性炭用途，厨房净水器，工业废气、废水治理，超级电容，食品、制造…消耗' '元力股份盘前回顾(11-10)'
 '垃圾，又割一次韭菜，这次可能破17']",[],[],[],[],[],['庄你在这位置玩的很嗨呀'],[],[],[],['赚两毛跑了，不贪' '逆势上涨，不是全控盘就是潜在利好' '坚决跑，恶庄不会仁慈' '早盘你上车了吗'],['我先撤了一半，下午再择机清空。这个垃圾不能久留'],[],['压盘的你tmd赚钱了吗'],[],['明显对倒出货还不跑？傻么'],['庄股，快跑' '有量无价，套'],[],[],[],[],[],[],[],['没超过昨天高点明天开始调整' '19.3买入，等待拉升']
2020-11-12,"['典型的庄股，哎真倒霉' '元力股份：主力资金净流入1378.49万元，净占比7.84%（11-11）' '没人骂你了，可以好好喝酒了'
 '还不发减持完成公告吗' '元力股份盘前回顾(11-11)' '今日补跌，至少5个点，恶庄从没让人赚钱过，开盘跑']",[],[],['强庄涨20cm，必然长命百岁'],[],['这桩懂技术，比较让人放心，可以陪她一程'],['冲鸭' '底部这种量能不多说了' '要严历打击这种凭资金优势操纵股价，扰乱市场的坐庄行为。一个问咨就燝了'],[],[],[],['大单拉了半天就这，垃圾手法'],['本月的妖股或就是他的，主力资金完全控盘，随时开一字' '全仓你了不要让我失望'],['佩服'],['这个票前期洗盘不是太充分，所以现在每天涨得有比较纠结，每天做点日内差价还是不错的' '蚂蚁上树！' '对倒不要上当，这量正常起码8个点以上！'],['T爽了'],['阿力加油'],['目标价22' '哈哈哈哈哈，卖了，20.36' '我发现同样的形态。中小版和主版都没有创业板厉害。'],[],['这股只能做T'],[],['亏大发了'],['卖了，20.47'],[],[],['辛辛苦苦一整天，最后一看二百五']
2020-11-13,"['有机硅爆发，明天摸高20公分才能碰到[牛]' '元力股份：主力资金连续3天净流入累计3971.75万元（11-12）'
 '两耳不闻窗外事，一心只做好股票。' '近日成交量逐步增大，难道跟超级电容有关？随着新能源汽车行业的快速增长和对汽车续航'
 '19.73进来了，等着割肉' '最近成交量有点猛啊？' '全球活性炭专家' '明天你是最亮的仔[大笑]' '此货为小鹏汽车提供电容'
 '元力股份盘前回顾(11-12)']",['买回来了' '今天-5%跌幅'],['低开就快抢。' '主力跑了'],['大的下降通道中，趋势为王，远离'],[],['还在骗筹[怒]'],['周线收盘将创10周新高，元力ok'],['这几天主力对倒出了不少货'],['DIET跌停了' '惊不惊喜？刺不刺激？'],[],['看一点时候的表演，不拉就向下了' '19.58增仓完成'],"['19.93清仓赚了2个点。算了等走好了再买。' '下午翻红，逆势上涨的股票，主力是不会半途而废的'
 '19.76清仓，别装了下来吧，19.3我接回来[加油][加油][加油]' '19.61清仓了，祝留下的好运[鼓掌]']",[],['卧槽，无情'],"['经过四个月整理很充分,调整完成，今天回踩加仓明智！']",[],[],['假洗盘！真下跌？谁能说得清[呲牙]'],['又完了' '假洗盘，真出货！签定完毕。不看这股了[鼓掌]'],[],['阴跌开始了'],['这庄股就是拉起来就跑，跌多了买点'],['星期一会大跌'],['下周总攻，'],['日，卖亏了' '神仙打架吗？[为什么]' '资金进来900万就拉了个小红，什么破手法']
2020-11-16,"['融资融券周汇总：元力股份本周融资净买入877.3万元' '元力股份，下周怎么走？'
 '元力股份本周主力净流入4483.38万元，居化工行业板块第十七' '人气上升' '元力股份盘前回顾(11-13)']",[],['这是要调整了吧：？' '一天就跌回去，上轨突破不了了，跑跑'],[],['要涨停了'],[],[],['诱多一下就歇菜了'],['主力看你怎么耍滑头，反正我就是不走的了！[呲牙][呲牙][呲牙]'],[],"['20.02买，20.49卖，好了今天的差价又做好了。' '嗯，有妖气。' '一帮sb盼着涨[偷笑]跌资势' '主力开始跑了'
 '砸到让你们怀疑人生[鼓掌]']","['刻意打压，小心火箭发射，今天是最后的上车机会' '越过20.66正式走主升，越不过再振荡几天，毕竟主力一直在吃货。'
 '大家都说好，20.42也进了65手，大家一起发财[呲牙][呲牙][呲牙]' '主力振捣出货'
 '创业版资金流出的差不多了，该补跌的补跌，今天开始此股补跌行情，随后上行']",[],[],['化工今天可以啊，你咋回事？' '此庄是弱庄，' '今天不买观望，像是诱多对倒出货！'],[],[],['应该要跌下来，下来接便宜货还不错' '这么低波动的来回折腾[滴汗][滴汗]' '走吧走吧，没意思浪费行情[加油]'],['洗洗睡吧！' '到300625去' '尾盘等拉稀吧' '走人'],[],[],['化工板块，你最弱' '赶快买，尾盘拉20厘米[呲牙]'],"['千万别信这狗庄能拉起来，一定跌了买' '你是闹什么，让我不得安宁'
 '主力是在跳猴戏，上串下跳自嗨了吧！[想一下][想一下][想一下][想一下]']",['主力再跑了' '哈哈' '出货了' '完蛋了' '狗继续砸啊，我倒要看看你能不能砸下来，你砸多少我吃多少'],['狗庄继续砸啊' '尾盘又洗出去了好多散户' '走了走了，浪费时间']
2020-11-17,"['这是庄股，劝各位年轻人耗汁未之，不要怪庄家不讲武德了' '每天做点差价，成本19做到18。估摸着离主力出货拉升的日子也不远了。'
 '元力股份：主力资金净流出992.27万元，净占比-6.99%（11-16）' '明天高开2个点，早盘猛拉。大阳或者涨停啦哦哦噢噢噢哦哦噢噢噢'
 '明天高开10个点，开盘瞬间拉30厘米' '明天高开2个点，早盘猛拉。大阳或者涨停啦呀呀呀呀呀呀呀呀咿呀咿呀哟嘤嘤嘤哦哦噢噢'
 '噢噢噢明天高开2个点，早盘猛拉。大阳或者涨停啦鹅鹅鹅鹅鹅鹅咿呀咿呀哟嘤嘤嘤噢噢噢' '活性炭开启涨价模式，元力股份明天涨涨涨'
 '周期股大爆发，明天下来正好接便宜货' '已减仓，等回调' '转发' '元力股份盘前回顾(11-16)' '今天涨停有望'
 '准备捡狗庄的割肉货了']",['还要回年线附近，抓紧跑'],['到19再进不迟'],['可以动手捡便宜货了' 'z早说了对倒出货，有人就是不信？今天19.20接货！' '昨天我提示走人，我是义庄'],['开始割韭菜啦！'],['不急进货机会多，这是sb庄'],['大盘跳水了还不快滚下来狗庄' '不信这狗庄能拉起来，死等下来'],['这便宜货是肯定要接的，狗庄必下来' '这个票真好玩，每天不管涨跌，都要震来震去，今天19.47居然没有买进，19.7买'],['狗庄和大盘对抗简直是找死啊'],[],['惨了股灾要来了' '下午一条直线，你就没机会上车'],['这sb庄亏钱走人，真是猪头'],['没人买没人卖我看你怎么出货' '亲们：买的早不如买的巧'],['给你一种能拉上去的感觉，偏偏结局却是不断下行，不知15一线能止跌否？' '杀猪盘，快撤!'],['买到就是赚到，坐等狗庄起轿' '尾盘应该会跳水，可以抄底！'],['快跑.马上跳水'],['19.6成功回补。拨了庄儿一根寒毛。'],['好尴尬，庄家想出货没接盘'],['坐等尾盘跳水' '静静的看着狗庄对敲'],['赶紧加仓！调整到位！'],['这sb庄还装什么b，快拉吧'],[],['很牛'],['昨天化工涨你下去，今天你涨得起来吗？' '庄股'],[]
2020-11-18,"['明天继续跌[呲牙]' '今天做差不太成功，19.47居然没有买进，19.7，19.59分别买了点。可惜1'
 '早盘加仓，尾盘t掉。成本少了4毛了' '元力股份：主力资金净流入527.52万元，净占比4.74%（11-17）' '上窜下跳耍猴呢？'
 '这只股不会大涨的，为什么呢？因为它是一只好股，是恶庄控的好股，散户多散户不舍得出' '活性炭又涨价啦。明天至少涨15个点' '昨天洗盘够狠'
 '元力股份盘前回顾(11-17)' '洗什么，跌落开始了' '不好，昨天低位买入的要跑，获利盘也要跑']",[],[],['没戏'],[],['头，下降趋势中，风险' '每天都可以做T几毛钱，真是太好了！'],[],['今天能上21' '我就问操盘手，这几天你上上下下的跳，你怎想，闲差豆我们小散玩吗？' '好票底部放量主力明牌了。'],[],['要起飞了！！！'],"['要凉' '为什么只在20块出现大卖单？' '一直在打压' '天天对倒不是什么好鸟，先撤了！' '在下佩服的五体投地，这就走'
 '木办法，没有跟风啊' '这幅图就是主力的心电图']",['死守不信这狗庄不拉' '股东总数不到一万人，户均持股60+万市值，筹码高度集中。难怪天天在那上窜下跳，不'],['20.00买20.20卖狭小区域的差价，今天的任务又完成了。'],[],[],[],[],[],[],[],[],[],[],['小赚跑路了'],[]
2020-11-19,"['报个到表示正在关注你' '每天做做差价成本已经降低到18以下，明天继续吸血。日线线段中枢也不知道要震多久才' '阮小二，无用'
 '元力股份：主力资金净流入47.97万元，净占比0.40%（11-18）' '阴跌是大跌的开始？' '坚持持有，坐等主力拉升。目标24以上出'
 '300174以前每天换手率不到1%，前几天2%的换手都能涨10%，最近174一直' '看一看 你会有所感悟' '狗庄和我们比耐心，不拉不出'
 '元力股份盘前回顾(11-18)' '有能力的人，可以真接操作赢利；有悟性的人，可以跟踪实力派学习，操作达到赢利目的。' '高开高走封死涨停板'
 '或低开高走封死涨停板']",['看我乌鸦嘴，多害人！呵呵呵！'],[],[],[],['跑，60分钟背离'],[],['这股票要下来的'],['大长腿走起，哥忍了四天了，不会看错你的[强壮][毛估估]' '跑，60分钟背离必下来'],['快跑，能跑多块跑多快，善意提醒！'],"['17号就提示，站稳20.66正式步入主升，看今天能不能站稳。' '跑了四千多手' '小单拉，大单出，恶庄'
 'run your ass off,quickly!' '四千手全出完了，不跟你在这慢慢耗了']",['今天干上21' '开盘挂20.37抛一半没成交，20.10买了点，20.32跑了，再挂单19.99'],[],['敢拉涨停我1480手全给你'],[],[],['抽风[哭]'],[],[],[],['上窜下跳！耍猴'],[],['你大，让我这周白玩是吧，再忍你一天，我的耐心是有限的好吧' '指数一直涨，你一直跌，简直了'],['吃相难看' '快跑吧，明天要杀猪了！'],['今天吃相这么难看，明天绝对负20cm跌幅！' '明天看十日线的支撑了，不行，就散了吧[好困惑][好困惑][好困惑]']
2020-11-20,"['说要起飞的，是不是傻！' '骂对了' '明天低开下探' '元力股份：主力资金净流出185.43万元，净占比-1.01%（11-19）'
 '明天开始上板，下周就可以见到30，明天早上最后的上车机会' '继续日线级别线段中枢震荡，收盘在20.45之上才能脱离该线段中枢，杀下去买，冲高'
 '无力就是无力，卖烧烤的炭，不能碰，碰了一身黑，炭' '元力股份盘前回顾(11-19)' '20cm大长腿' '快跑，开盘杀猪']",['高位了、别撑了' '[微笑][大笑]'],['18元见' '逆盘股，没话说。'],[],[],['开盘20.15跑一点，19.78接回来，挂单在19.5接货，没接到，挂20.45'],['不行了吧'],[],[],['快跑，货出完就一地鸡毛' '坐等主力把自己玩完'],['主力在对敲打压，大家别理他们'],"['下午一条直线上升，开盘快抢，周末有大利好，周一开一字，增有缘人'
 '每天交易量那么大，而且都是特大单，不知道什么意图，唯一可以确定的是庄家有大动作，']",[],['不拉升怎么出货，主力把自己玩死'],['各位韭菜，急流勇退！' '！你丫自己玩吧，狗庄'],[],['20块已经徘徊这么久了，是上还是下？'],[],['不卖，挺住'],[],['滞涨出货还是换手，只有主力知道！卧倒不动，装死了！' '整整一个下午，一张百手买单都看不到'],['这指标走的太烂了'],[],['已经无了。凉了[哭]'],['狗庄']
2020-11-23,"['元力股份本周融资净偿还802.07万元，居化工行业板块第十八' '资金流向周汇总：元力股份本周主力资金净流出1208.27万元'
 '听不明白，做T的股票而已' '元力股份盘前回顾(11-20)']",['快抢1830目标己到'],[],[],['叉！狗庄'],[],[],[],[],['今天最后上车机会'],['露头就挨打'],['开盘急杀19.36买19.71卖，培养耐心。'],[],[],[],[],[],['六个点追的没事儿吧？' '2255' '这是一副向下的走势啊！'],['快跑能跑多快跑多快，run your ass off!!!' '换票啦，换票啦，解套儿的，下车。上车的扶好。坐等拉升。宝骏换宝马。'],['今天最后一次上车机会了，明天开始长板'],['心忧炭贱愿天寒，可怜可怜卖碳的吧！别涨点就往死里砸了'],[],[],[],['恶庄股，远离，瓦大涨不够一天跌']
2020-11-24,"['开盘急杀19.36买19.71卖了，从结果来看卖得有点早，下午20.8把上周五尾'
 '元力股份：主力资金净流入1525.56万元，净占比8.06%（11-23）'
 '公司非公开发行之后股本增加，且盈利条件良好，只要少一些减持计划，纳入深股通指日可' '卖炭翁[大笑]' '元力股份，也是新能源汽车相关受益股。'
 '禁禁来临跑' '元力股份盘前回顾(11-23)']",[],[],['完牍子了，又买顶了么？' '！跌的倒挺快，' '月线下降通道上轨，风险控制'],[],['庄你赚钱了吗' '怎么上去的乖乖下来' '跌停无悬念，又割一次韭菜'],['好了，又回日线线段中枢震荡了。19.65买，看看等会反抽不反抽。'],[],[],['福建和河南的不要碰[大笑]'],"['猪力吓一下你们而已，有本事往下打个百分之十五，我全仓进' '你大爷呀，我重仓追你，你这样' '今天一有人出来分析和唱多，必跌'
 '这票我喜欢，做T的最佳选择' '玩的够狠的' '谁又在19.39抛啊，已经回到小中枢底部了。咳，带血的筹码。'
 '猪力说了，等会要很出性感 的大长腿，让你们大饱眼福了' '利益输送了' '我就纳闷了，这样的走势，主力大哥，你赚到钱了吗？'
 '勾庄真毒啊，我认输了，不玩了']",['元力要想涨，告诉你们上涨的办法' '专割短线韭菜的庄' '庄股好玩吗？'],['抄底咯'],[],[],['又在钓鱼了，千万不要玩'],[],['没戏了这股，撤退了吧' '补仓做t.降成本'],['昨日诱多今天通杀明天…'],['加仓做t降成本'],[],[],['强庄股！必须远离！'],['猪力这招海底捞月，又不知收割了多少小散，我们却悄然加仓了'],['元力死庒' '你大爷的']
2020-11-25,"['今天没有吸到19.39的血筹，19.65买的，尾盘19.8跑路。等明天下杀再吸了'
 '元力股份回复股友，今天回调如果买了，明天收盘指标不翻红，短线还是应该止损。短线指'
 '元力股份：主力资金净流出2760.59万元，净占比-17.93%（11-24）'
 '咳，还是一句话，前期洗盘不充分，好好的日线线段上涨，看来要走5分钟级别走势结构了' '立帖为证，明天高开反包，多方炮架起，不喜勿喷。'
 '明天应该低开2个点，不低开我直播' '元力股份盘前回顾(11-24)']",[],[],['开盘20.01跑一部分19.56再接回来。每天要斗智斗勇。' '又去17元，套住就住死里搞，恶庄'],['继续补仓做题。'],[],[],[],[],[],['被这个恶庄股套住，就往死里搞你'],['这破股没人玩了，狗庄自己玩吧'],[],[],['可以建仓，慢慢买，不要急！' '每天都是开盘就是最高价'],['17才看。套住就往死里搞你，恶庄'],"['19.26,砸给他！' '没有最低，只有更低' '继续砸，砸到17块，哈哈']",[],['啥笔！又在自银' '猪力至少有70%的控盘度，不然不会打拉这么自如的，至于操盘手在等什么，不知道' '快跑吧' '垃圾，往死里套人，直到割肉'],['卖炭翁，天气再寒冷一些，股票再跌一些'],[],[],[],['恶庄，往死里整，垃圾' '扑街的乐色！'],[]
2020-11-26,"['19.00买了一堆，看明天啥情况了。' '元力股份：主力资金净流出1312.18万元，净占比-10.82%（11-25）' '144均线有支撑'
 '重大利空' '19.15-18.60随便找个买点，干就是了。' '元力股份盘前回顾(11-25)' '上升通道底部，再加仓做t'
 '会让你轻易解套吗？逼你割肉']",['完全破位，赶紧跑吧' '跌停无悬念，杀的干干净净'],['不要怂，继续加仓，干他！千万别怕！干就对了！' '牛逼的老庄' '会去买元力的人不是让人忽悠了就是运气差'],[],['18.65，200w在那里压着，过不去的' '够脏的'],['今天明天到底了。'],[],['这个操盘手牛逼，今天挂18.20买。'],['越买越兴奋，收不住 3天时间建仓，10点半就打满了 干就对了  涨跌随意！'],['破了快跑[兴奋]'],['没有十年以上的功力是抵挡不了这狠猪力的高强度打压，能留下来的都是明白人，赚钱的主' '有个群喊买，是不是杀猪盘哦？破位成这个样子，岂能买？'],[],[],['上面那么多出货的，我跑！'],[],['卖了你上来了，回调再买' '卖了你上来了，下来再买'],['这操盘手可以，这一波真洗出了不少菲菜，可悲啊，今天做了个4个点的T，完美'],[],"['今天主力不给面子啊,18.22挂单他就是不打到啊，昨天19.00精准买入，今天没']",[],['立贴为证三个月内必上26.91，让时间来考证，想喷的尽开口（11月26日）' '看我乌鸦嘴[大笑]'],['再追三成'],[],[],[]
2020-11-27,"['洗得完美，彻底！' '请问公司董秘，公司目前年产600吨的超级电容碳的实际应用领域包含哪些行业？谢谢！'
 '好吧主力你牛逼，18.22挂单没买到，19.5把昨天19元买的还一半给你。'
 '元力股份：主力资金净流入2059.98万创近一年新高（11-26）' '今天上午低吸了，以为还要洗一下，结果尾盘拉起来了，看明天什么表现'
 '昨日翻红，空中加油，干了三成' '元力股份盘前回顾(11-26)']",[],[],[],['干吧，空中加铀了'],[],[],['利空二：没有大麻概念'],[],[],['废了居然不涨' '地量了！'],['一上午才2000万的量，下午需要补量了！' '开了一上午会都没看盘，这个主力有技术，19.18这个位置微妙，下午开盘先买一点。'],[],['无量，无人接盘，庄家自嗨'],[],[],['钓鱼钱！一个字跑！'],[],[],['老夫大胆预测，今晚有公告！'],['万手如来，千手观音！'],[],[],[],['一天才成交3000多万，是不是可以退市了[大笑]']
2020-11-30,"['融资融券周汇总：元力股份本周融资净买入399.42万元' '元力股份主力资金连续2周净流出合计1519.5万元'
 '元力股份盘前回顾(11-27)']",[],['卖炭翁，没人陪他玩了[大笑]'],['白白折腾了半个月，还是要回到起点，早就看透他了' '说好的，都是骗子。不信等等看。时间会告诉你。'],[],[],"['这个卖炭翁怎么不退市呢，成交1000多万[大笑]' '每一次大盘大涨的时间，300174就缩量调整，这种不跟随大盘的股票要么是妖股，要'
 '庄股太能玩了，低开19.12买了点，再杀跌想等小级别背驰再买，谁知道直接来个转折']",[],[],[],['庄股鉴定完毕'],['一点人气都没有！唉！'],[],[],[],[],['拉垃圾' '拉垃圾'],[],[],['BD才会买，明摆着大量的低价位解禁股马上上市了，散户还去接？会炒股吗？赶紧买长安'],[],[],[],[],[]
2020-12-01,"['主力不讲武德，谨防明天再杀18.3一线。' '元力股份：主力资金净流出95.62万元，净占比-2.26%（11-30）'
 '把握机遇，跟上步伐！主力明天拉，有仓位的，满了' '国外疫情扑朔迷离，尘埃未定。国内全面复工复产支援全世界，生产原材料屡次涨价，钢，'
 '元力股份盘前回顾(11-30)' '跌停？']",[],[],[],[],[],[],['这成交量，成烂股了吗？'],[],['就等你跌破年线去挖坑好进场。哈哈哈，时间换空间。'],"['越是不涨抛压越重，明显弱势，资金不断流出，都散了吧，元旦过后再来看。' '快涨呀，别装了，大盘飞了，加仓' '撤退认输'
 '这个操盘手，是个啊！']",[],['抓紧买，最近的上ridebike机会！'],['让它跟大盘不好吗？非得要刷存在感？'],['已经金针菇探底了，收盘前反转'],['不来一大跌，对不起如此抗衡大盘！'],[],['这个股的庄真是驴鞭抽检，疼不疼的却真恶心人'],['2.30开始表演技术，懂得操作'],[],['尾盘继续下砸，不信看看' '心忧炭贱愿天寒'],[],[],[],[]
2020-12-02,"['元力一天没动，这个位置有点尴尬，等他杀又不杀，不知道操盘手在想什么。'
 '元力股份：主力资金净流出536.15万元，净占比-12.04%（12-01）'
 '卖炭翁，伐薪烧炭南山中。 满面尘灰烟火色，两鬓苍苍十指黑。 卖炭得钱何所营？身上衣裳口中食。 可怜身上衣正单，心忧炭贱愿天寒。 夜来城外一尺雪，晓驾炭车辗冰辙。 牛困人饥日已高，市南门外泥中歇。'
 '哎，明天不上20我就走了，再也不见了' '一入股市深似海，千般爱恋万般怨。大盘板块红旗飘，主力操盘草色浓。雾里看花元无力，'
 '元力不搞个文化副业，对不起万千股东' '空中加油，马上大涨，今天泵坏了，休息了' '元力股份盘前回顾(12-01)' '开始调戏你们了'
 '又是毫无作为的一天']",['预计今日砸至18附近' '又是折磨人的一天[捂脸]'],[],['叽叽喳喳的股吧多是短线客比较多，所以近期没戏'],[],['！涨你不行，跌你到是挺带劲'],[],['猪力这两天变乖了，不敢大幅砸盘了，做不了短差，好寂寞啊'],[],[],['大盘新高你新低了有种有个性' '问题不大，不要怂，不要怕。继续干他！至少20个点子利润。'],[],[],[],[],[],['耐心等待16.5元左右建仓，然后等待一飞冲天，哈哈哈'],[],['争取看见17元21[微笑]牛了'],[],[],['杀猪盘'],[],[],[]
2020-12-03,"['最低点收盘，明天最少下三个点' '元力股份：主力资金连续3天净流出累计1883.29万元（12-02）'
 '这2天盘中都不关注这个货了，又到30分钟中枢底部了，明天是直接上还是先杀18.3' '元力股份:关于持股5%以上股东减持计划实施完毕的公告'
 '怕了，这么配合减持终于完了一月之内上三十以上！' '元力股份：股东袁永刚减持计划完成 共减持股份929.30万股'
 '遥盼庄家抬元力，朝为青丝暮成雪。跌跌不休有时尽，此狠绵绵无绝期。'
 '遥想当年的雄庄是何等威武霸气，一波主升浪就是翻倍，惜哉，山中无老虎，猴子称霸王' '月线看中轨趋势向下的买的少' '月线中轨向下'
 '元力股份盘前回顾(12-02)']",['加仓做t'],[],[],[],['今晚还有公告，拟继续减持！不能进.[大笑][大笑]'],[],['SB玩意！瓜怂！！！' '元力股份增发解禁对股价的影响'],['垃圾' '上面那么大的抛单，此时不走更待何时？'],[],['惹不起还有减，今晚很可能持公告。先卖了！' '主力明显在跑了，出吧'],[],[],['这个股的庄到底想干嘛？大盘向上他要逆势向下？他的钱不用成本吗？'],['17.68'],['今晚还有公告，拟继续减持剩余5.17的股份！骚年们稳住了！'],[],[],['垃圾'],['继续缩量，尾盘继续砸'],[],[],[],[],[]
2020-12-04,"['即不上，也不下，操盘手或许在思考人生，连续3天默默地看着这个货，浪费大好时光。'
 '元力股份：主力资金连续4天净流出累计2222.57万元（12-03）'
 '到11月30日股东人数多少，作为散户有权力知道，别的很多公司懂秘都有公布' 'yy主力下面两天走势[得意]，不要当真。就算发生纯属巧合'
 '元力股份盘前回顾(12-03)']",[],['割了，烂股，赔十个点！趋势坏了'],['元力是农业股，自己去理解！'],[],['今天不要买，最好不要持仓。今天周五晚上有继续发减持公告预期。骚年们小心'],[],['无量反弹，基本等于放量下跌，鉴定完毕！' '年报收益增长140%，大家去品'],['干了中粮大盘股，舒服多了！元力烂股，谁买谁倒霉'],[],['这庄家太狠太狠的！连汁都想喝掉' '太差了啊啊，一分钟都没有成交的有'],"['碰到了你元力真的是无语，让人忽悠了快二年，32元进，死庄' '早盘挂19.7成交卖出部分，长期斗争，对操盘手的操作有了一定的了解，等会水下再接'
 '18.47已经破了、控盘非常失败，快逃命吧！']",['磨底阶段' '进入冬季，露天烧烤没人吃了，惨烈'],[],['废了废了' '垃圾，老子割肉了，你可以涨了'],[],[],[],['刀口舔血的人太多了，这股是一盘被吃过的剩菜，去看看趋势'],['这股真不要脸，什么脸也丢尽了'],['人家挂一下就有货砸'],[],[],[],['业绩支撑稳住就好']
2020-12-07,"['元力股份本周融资净偿还1067.44万元，居化工行业板块第十三' '元力股份主力资金连续3周净流出合计4027.41万元'
 '元力股份盘前回顾(12-04)' '积点德吧你。回到20元']",['17.68'],['主跌浪开始'],[],[],[],[],[],[],['C' '2分钟没有成交量！'],['黎明前总是静悄悄的，各位小散，你们要耐心，后面带你们吃肉'],['完牍子了'],[],[],[],['你是否是超级电容哦'],[],[],[],['主力要不跑路，要不锁仓，锁仓洗盘概率大，等放量买入拉升机会！' '筹码高度集中，有票的，等就行了！'],"['彻底走坏，未来三月不会有行情，走吧' '地量见地价，有资金的可以加仓了，不要等涨了才追,此位置卖出的注定是给收割的']",['今晚减持公告要来了，明日大阴！'],[],[],['这猪力有点狠，被洗出去的我只能说可惜，这么好的票都拿不住，凭什么赚钱？']
2020-12-08,"['元力股份：主力资金连续6天净流出累计3272.27万元（12-07）' '什么时候抄底，等消息' '这只股票就是：只要你赶买，他就赶跌。'
 '每次磨底都是一样的配方，不杀到170是不会企稳的。好了，又到了。' '我今天进场了' '跌停？日本人！' '元力股份盘前回顾(12-07)']",[],['垃圾票，割了'],['祝留下的发财[摊手]' '你到底是不是超级电容？'],[],['超级电容是你爹吗？'],[],[],[],[],['从18.33开始放量到21到19.49均是放量的，从19.49到现在均是无量下跌，懂的现在这个价位就一个字买！'],[],[],[],[],[],[],[],['一天一千万成交量，历史新低'],[],[],['僵尸股'],[],[],[]
2020-12-09,"['烧烤行业低迷，串消费紧缩，卖炭濒临倒闭' '元力股份：主力资金连续7天净流出累计3272.27万元（12-08）'
 '庄股真心难搞，18.19买，挂18.40都不能成交。' '还是昨天那句话，你敢买他就敢跌。你敢卖他就敢涨' '如果我是庄家。。。'
 '估计这段时间老庄心里也很忐忑' '元力股份盘前回顾(12-08)']",[],[],['SB股'],['真正的中的战斗鸡'],['继续跌，爷重金等你'],[],[],['超级电容原材料中的王者，不鸣则已，一鸣惊人，让时间来证明吧'],[],['17.5'],['中的战斗机' '能买了，已经没量了'],[],['没有买卖就没有伤害'],[],[],[],['太烂了'],[],[],['懂秘您好；请问公司现有超级电容炭年产量有多少？还有公司对国内及全球超级电容炭的年'],[],[],[],['猪力跟我扛上了，呵呵，我要是在就不拉的了，3个月不拉我就出了，哈呵']
2020-12-10,"['这烂股，怎么还不退市？' '元力股份：主力资金连续8天净流出累计3498.28万元（12-09）'
 '开盘减仓，18.01接回来，没想到继续跌，好吧，玩不过主力。' '元力股份盘前回顾(12-09)' '下月解禁再看看！']",[],[],[],['仁东的庄家被警方控制了。我准备向证监会举报元力，查一查这个庄家。反正已经清仓了'],['诱多，追套'],[],['下周起改名 给力股份300174，股价一起冲天，就这么给力，哈哈'],[],[],['主力跑了吗，走出了心电图'],[],[],[],['这种下跌，不可能一浪止住，至少还有有个三浪！不上当'],[],['没有量，明天继续跌'],['这票没主力了吗，还是主力在潜水，都没成交呀'],[],[],[],[],['化工不行了'],[],['无量反弹，明天必破年线，一路向下' '要大破位，垃圾']
2020-12-11,"['今天18,明天20' '元力股份：主力资金连续9天净流出累计3570.21万元（12-10）' '下一个仁东控股' '冲！'
 '原来还是绿色轮胎股啊[色]近期轮胎大涨，它咋还在睡呢' '元力股份盘前回顾(12-10)']",[],[],[],[],[],[],[],[],[],['今天绿盘没加仓。。。。。'],[],[],[],[],[],[],[],['还是原来那个配方，抽筋。'],['典型庄股'],[],[],[],[],[]
2020-12-14,"['融资融券周汇总：元力股份本周融资净买入85.57万元' '元力股份主力资金连续4周净流出合计4464.16万元' '68.4的一起死！！！'
 '元力股份盘前回顾(12-11)']",[],[],[],[],[],[],[],[],[],['谁还有梦想？'],[],[],[],[],['庄股，想咋玩庄就咋玩，没好结果'],[],[],[],[],[],[],[],[],['发套套了[大笑][大笑][大笑]']
2020-12-15,"['元力股份：主力资金净流入82.62万元，净占比3.27%（12-14）'
 '今天又是一个1分钟中枢，有点磨叽。今天抛了手头其他一些仓位，准备好明天杀跌买入，' '据说元力股份和中铁装配都是超级大牛股'
 '需求侧改革关系到民生的方方面面：泛概念就是医食住用行！元力的活性炭产品涉及到日常' '元力股份盘前回顾(12-14)']",[],[],[],[],"['克服对绿盘的恐惧，按照计划杀跌18.30,18.31买入，等会要战胜对红盘的贪婪']",['大单出小单进，没前途'],['这猪力故意压盘，但压不住，我就笑了，拉高点我就t一下，呵呵'],[],[],[],[],[],['我来也，调整充分到位，目标27！'],[],['一样的套路，拉起来就跑'],[],[],[],['烂股，诱多都没人上当，上面又弄一条上吊绳'],[],['明天开始继续阴跌，破年线'],[],[],[]
2020-12-16,"['挂18.98没成交，18.85把今天低吸的抛了。5分钟级别上涨线段是可以做差价滴'
 '请问董秘，最近市场传言贵公司的电容碳业务和宁德时代在进一步合作，请问是否是真实。'
 '元力股份：主力资金连续3天净流入累计1107.14万元（12-15）' '元力六个月目标价35元没商量！' '今天跌停无悬念'
 '元力股份盘前回顾(12-15)']",[],['买了僵尸股，注定要忍受寂寞。[困顿][困顿][困顿]'],[],[],[],['破相了，跑跑跑'],['走啦庄股搞不了虽然也是个龙头'],[],[],['猪力掌握了大部分筹码，拉打自由，可能在等一个配合点的消息，然后一飞冲天'],[],['一支穿云箭，拉一根大阳，人气立马就起，千兵万马来想见。操盘手有点怂，换我团队来'],[],[],[],[],['这量，大家可以散了'],['抓紧跑路，阴跌不止'],[],[],[],['刚才猪力来电话了，叫我不要搞事情，说要把我洗出去，怎么办？'],['你发什么神经？涨的时候不见你那么痛块'],['所有形态走坏，明天破年线，早说了阴跌不止']
2020-12-17,"['感觉尾盘诱空洗盘，明天应该大阳反包站上19.' '元力股份：主力资金净流出160.34万元，净占比-6.59%（12-16）'
 '碳黑涨价70%' '元力股份盘前回顾(12-16)']",[],['所有分钟级别的全部死叉，还不跑等什么'],[],['这股不适合短线客，中长线的可分批建仓，个人看好它的未来，三个月内见分晓'],[],[],[],[],[],['当心庄股踏'],['没法再骂的傻股了，主力天生怂货一个！' '炭不值钱，没技术，炭排量受控，烧烤生意惨淡，此股一事无成！'],[],[],[],['猪力现在是进退两难，往下打怕失去筹码，往上拉没有跟风盘，操盘手有点怂'],[],[],['怎么我一买就跌，一卖就涨。就我一个人玩吗。大爷的'],[],[],['你是一笃，价比蚁便宜，人地抓边你呀鼻'],[],['三浪下开始'],['金针探底，明天大概率高开，做了一个小W底，再也不会有18元以下的价位，珍惜筹码']
2020-12-18,"['狗庄自己去阴间玩吧！' '昨天18.5割肉走对了' '好好的上涨线段又被操盘手画成中枢震荡。这几天在忙别的票，明天有空来找你吸血，没有'
 '元力股份盘前回顾(12-17)']",['哪来的勇气高开'],['煤炭大涨利好柴火碳[大笑][大笑][大笑]'],[],[],[],[],[],['高开直接挂卖出，一个没成交。又不杀，也就不买了。。。。'],[],['拉基中的战斗鸡' '尾盘又是出货，跌破年线，跑吧'],[],['太丢人了，此股已废！大家别看了'],[],[],[],[],['垃圾，防闪崩破位'],[],[],[],[],[],[],[]
2020-12-21,"['元力股份本周融资净偿还1097.12万元，居化工行业板块第十六' '资金流向周汇总：元力股份本周主力资金净流入167.7万元'
 '这种只有几个股东的太集中的股都是仁东控股的教训，一但下坠必踩踏，可能被强平。散户' '元力股份盘前回顾(12-18)']",[],['今天继续找年线，横盘股近期崩的多，这货大概率也跑不了'],[],[],['随时闪崩。典型庄股'],[],['这个垃圾彻底废了！还不跑，等死啊？' '手里除了元力都是红的，好吧，上周五18.5减仓的，18.13再接回来。慢慢熬，培'],[],[],['浪费大好行情，静等崩盘'],[],['都是小散户，完蛋了，小赚走了'],[],[],[],[],[],[],[],[],['明天能涨10%吗？'],['坚持的兄弟可以走了，闪崩即将来临'],[],['今天能留下来的都是有眼光的，鼠目尺光的人今天必出去了，能留下来的都是能赚钱的']
2020-12-22,"['加油元力股份[微笑][爱心][献花]开启上涨模式[上涨][上涨][上涨]'
 '元力股份：主力资金净流入16.41万元，净占比0.89%（12-21）' '无量，没人参与。震荡！'
 '主力资金从流出变为流入，底部清晰，后市看涨' '不必等，涨起来有么跟进' '元力股份盘前回顾(12-21)' '踩踏，无底深渊' '什么垃圾']",[],[],['说了破年线都不跑' '全力看多，全力做多。不要怂，直接干就对了！'],['庄股闪崩踩踏' '这股要到18.96才能买，否则就是买套'],[],['跑的全是大单，还等什么，赶紧出'],['基本面支撑，今天看涨[大笑][大笑]'],[],"['不知何时散户这么多了，慢慢等吧！不把散户洗出去，庄家是不会拉升的'
 '爽啊，终于拿到低价筹码了，就知道横盘必下，先拿半仓，还敢下10个点不？[大笑]']","['看月线走势就是无底洞' '大破位，防闪崩，控风险，先出来为宜' '好公司不掺假人家代码就是一起死！拿着同归于尽！' '狗脏你赢了'
 '为什么要跌啊？有谁知道？' '环境传染人，空气传播和水传播在三月份就已经报道过了，活性炭作为过滤器滤芯的重要部']",['加油，继续砸！爷重金等你，卡毛，北鼻' '配股的还挣钱呢不会涨要一起死' '这下彻底走坏了，明年在看吧'],[],[],[],[],['6200万股成本价13.2，1月15号解禁，看你们怎么死的。'],[],[],['逆世是主力忽悠阶段，现在才是出货时机'],['跌破区间下沿，一起等死吧'],['烧烤概念股， 16元等你哦'],[],[],['明天跳空20']
2020-12-23,"['今天放量跌，猪力借势打压，吓出了不少恐慌盘，明天如果低开，可以进去做个丅加o，这' '看到一片唱空，我就放心了！今天17.23抄底！'
 '元力股份：主力资金净流出1152.5万元，净占比-20.97%（12-22）' '复权大三角形可能向下突破，杀猪盘，控制风险'
 '今天上午没关注这个货，开盘就出了卖点，下午的下跌线段也没背驰，明天大概率有更低点' '今天小散走了好多，明天可以轻松涨了'
 '据说，明天股价打到底。' '㳟喜广大散户，你们成功把猪力洗出去了，哈，散户合力把股价推超茅台，加油 奥利给' '据说开盘直接百分20跌停'
 '元力股份盘前回顾(12-22)' '今天必崩盘' '几个跌停，崩了，庄股踩踏' '这票咋回事呀'
 '超级电容今天爆发[大笑][大笑][大笑][大笑]' '超级电容今天爆发[大笑][大笑][大笑][大笑]']",[],['还有持股的吗？快点卖了，卖完走人了' '今天创了新低了' '此股是退市的节奏！'],['阴跌不止，存在急跌可能' '这个货，开盘挂17.41卖居然没成交，最高价是都到17.46了。。。。'],['这个多散户，还要跌的。'],['昨天说跌破下沿就没底了，现在下沿反而成了阻力位了' '使劲扎。' '看15会不会企稳，短期还有大跌。' '今天满仓不动了，[大笑]'],[],['300174属于哪个板块？电容？活性炭？下跌板块？'],['元力要退市了？' '我特别喜欢看小韭菜们割肉出逃的样子'],['继续跌吧，哥还有弹药。一路捡筹码' '钱都准备好了，你上去干嘛？有种再下来！'],['听说该股有比较大的利空，股友们有没有什么消息？' '今天煤炭板块都大跌'],[],[],[],['马个一起指数涨上天股票跌成'],['散户成功洗出了猪力，以后此股是散户的天下，合力把股价推高超越茅台，哈哈哈'],[],['原本想找你打一炮就走，没想到你却拉着我和你谈感情。靠∀！'],[],[],['开始漫长的阴跌，大家千万别买。' '这股票多少年都没破过布林线下轨了，今天破了，赶紧逃命吧，崩盘马上就到'],['猪力是个恶庄，割肉不玩了，服了，赔了百分之十，祝留下的发大财'],[],['元力股份这几年不知道在干什么？公司新闻更新到2018年！行业新闻也更新到2018' '狗庄！'],['明天继续阴跌']
2020-12-24,"['废材，17.2减仓，16.95又接回来了。做差价的意义不是赚钱而是减亏降低成本。'
 '元力股份：主力资金净流出231.77万元，净占比-6.84%（12-23）' '从+5w到-5w,今日全部清仓，浪费3个月行情，狗庄！'
 '明天反抽到17以上' '重探12.56元低点' '不是吧。竞价跌停？' '13.55买不到，真让人生气！[怒][怒][怒]'
 '元力股份盘前回顾(12-23)']",['连续阴跌完了就是急跌，不要抱有幻想'],[],[],['加油！跌到增发价，重金等你'],['三只乌鸦已成，抓紧逃命' '真的无话可说，让人忽悠了这么惨，32进去了快二年，1500千万，亏了一半。'],['我卖了，你可以涨了'],[],['我就感觉有一双眼睛在盯着我，我一买就跌，我一卖就涨。今天割肉在了最低点'],['真能杀，挂16.75买入，以为不会破16.7，结果杀到16.55，还真不敢买了。'],[],[],[],[],[],[],[],[],[],['一直在提醒，抓紧跑啊' '16块，我等着接一点，15块，14块的仓位还留着。放心，散户跑不了，庄也跑不了。'],['下跌空间被打开了，亏了2万多走了，从自选里删掉，去年到现在买了几次了都是亏的，认'],[],[],[],['一早就提醒，最低价收盘明天开始大跌，三只乌鸦谁也挡不住']
2020-12-25,"['300174这三天大跌都有一个特点，不知道你们谁观察到了？' '弯下腰，默默的捡起地上的筹码……'
 '300174元力股份连跌四天，谁知道这四天连跌有什么特点？$元力股份(SZ300'
 '这个一起死名符其实点赞！年初到年尾一分钱没涨！业绩据说翻倍？只能说！' '元力股份：主力资金连续3天净流出累计1746.55万元（12-24）'
 '融资额还在高位，马上爆仓' '除了增发，无获利盘，全部套牢，这个庄洗盘技术一流。' '主力' '元力股份盘前回顾(12-24)'
 '今天继续大跌' '这是咋回事' '还有几个，这么大平台破位，一年二年都难上来了' '难道要跌停，太可怕了吧']",[],[],['幸好我只是在模拟盘里买了些' '主力最喜欢看到的局面，散户自相残杀。'],[],['主力意愿还是向下，大家不要上当'],[],[],[],[],['公司正在满负荷加班加点的生产主力机构心太黑！誓要让增发价的都挣不到啥钱让散户交出'],"['利用增发即将上市打压股价吸筹散户的浮筹！心黑的都无底线了不是300174一起死？'
 '我可以断定参于增发的机构是不会卖的至少翻倍才会卖出公司基本面良好！12月25号立'
 '我可以断定参于增发的机构是不会卖的至少翻倍才会卖出公司基本面良好！12月25号立'
 '利用增发即将上市打压股价吸筹散户的浮筹！心黑的都无底线了不是300174一起死？'
 '利用6千多万股增发上市造成恐慌心态疯狂打压吸筹！相当于增发价附近拿到筹码然后暴力']",[],['谁还能找出力元如此下跌的理由？唯有增发！借机打压增发机构和主力机构联合黑散户松动'],[],['今天庄家1分钱没流入，光卖了，什么情况，还得跌？'],['360，再看顺周期'],[],['无量，下周继续跌'],[],[],[],[],['下周还有10个点的空间，都出吧，指标没有任何好转，不是公司出事就是庄出事，大股东'],[]
2020-12-28,"['元力股份连续2周融资净偿还合计1691.29万元' '资金流向周汇总：元力股份本周主力资金净流出1822.68万元'
 '元力股份盘前回顾(12-25)']",['100万就可以砸5%。大家试试'],[],['看样子要破16'],[],[],[],['这股完全被庄家控盘'],[],[],[],['这股不行了，快跑'],[],[],[],[],[],[],['这股票是怎么了，连续跌了三个月了，要倒闭了吗'],['次股存在业绩调整，预计大幅减少，抓紧跑'],[],['先看12，必须打出反弹空间'],[],[],[]
2020-12-29,"['基本最低点，明天继续5个点' '元力股份：主力资金连续5天净流出累计2228.54万元（12-28）' '你特么好歹也有木炭啊'
 '恶庄跑路了[抓狂][抓狂][抓狂]，最近无量阴跌，再结合仁东引爆一批庄股崩盘。从' '明天涨停20%' '不要再跌了，再跌就抄底了！'
 '继续跌，爷就继续捡筹码' '元力股份盘前回顾(12-28)']",['尾盘最少五个点，此股已废'],[],[],[],[],[],['反抽逃命时'],[],[],[],[],[],[],[],[],['无量反弹继续向下'],['突然散户这么多啊？难怪大跌呢？哎呀呀，等散户走了，此股才有希望了，萌萌哒慢慢等吧'],[],[],[],['无量反弹，抓紧跑'],[],[],[]
2020-12-30,"['元力股份：主力资金连续6天净流出累计2229.79万元（12-29）' '元力股份:关于收到资源综合利用产品增值税退税的公告'
 '元力股份，留意到贵司大股东袁永刚先生于12月3日完成减持3%股份后。公司股价随即' '明天涨停20%' '退税几百万能涨停，想多了'
 '散户都在喝酒、晒太阳能，元力散户都走光了' '我发起了一个投票，【#元力股份#周三收盘18.77元】，快来参与投票吧~'
 '元力股份盘前回顾(12-29)']",[],[],[],[],[],['僵尸股，没有人愿意接盘。里面散大户有苦说不出啊'],[],[],[],['它跌到14元，我全仓杀入。' '反抽逃出' '能来个10几个点吗？' '16进的，16.5出了。高潮已过，散了散了'],['哈哈哈，16.7已出，主力大发慈悲让你走你再不走就别怪主力心狠手辣了，谢谢猪力。'],['垃圾害人，12以下才看'],[],[],[],[],['准备跳。' '再装鬼弄神，成交量骗不了人'],['快跑！这股有主力／量能缺'],[],[],[],[],[],[]
2020-12-31,"['明天涨停20%，收盘19.33' '我发起了一个投票，【#元力股份#周四元力股份走势预测，收盘19.33元】，快来参与投票吧~'
 '创业板创5年新高元力创5年新低？拿着174！我看看耍什么流氓准备！'
 '元力股份：主力资金净流入415.1万元，净占比12.53%（12-30）' '明天准备用3千万拉一个涨停别怪我没告诉你174！' '一个吗丁啉'
 '20%的又疯了' '业绩越来越好股价驴创新低逆天而行翻开历史5年内业绩最好的年份而且发展前景不错！'
 '元力股份公司质底这么好/负债率才9%，业绩同比连续增长，但股价却连调整2个月。怎'
 '元力股份公司质底这么好/负债率才9%，业绩同比连续增长，但股价却连调整2个月。怎' '元力股份盘前回顾(12-30)'
 '冲锋号吹响的日子没几天了！越跌赿买你不是借增发上市打压吗！']",[],[],[],[],[],[],[],[],[],"['你好，董秘！捷风数据于2020-12-23根据信息搜集发现:【元力股份,3001']",['给解套不容易' '多涨点吧，跌了几十个点了'],[],[],[],[],['无量耍流氓'],['飞'],[],[],['骗吧，就几千股东，崩了根本跑不了'],[],[],[],[]
2021-01-04,"['元力股份连续3周融资净偿还合计2858.52万元' '资金流向周汇总：元力股份本周主力资金净流入721.88万元'
 '兴全基金是长庄，没必要看到解禁就恐慌。' '我发起了一个投票，【#元力股份#周一涨停20%，收盘20.16元】，快来参与投票吧~'
 '元力股份周一涨20%，收盘20.16元' '元力股份盘前回顾(12-31)' '踩踏，几千人看谁先走']",[],[],[],[],[],[],[],[],[],['阮小二无力，柴进救宋江' '这个庄就是没胆气。行情这么好在这里装僵尸股'],[],[],['装逼习惯了，大盘不跌他不涨'],[],[],[],['元力是这两年最失败的一次股票投资，套太多，耗呗，咋地，我还能割肉不成？'],[],[],[],[],[],['元力不是创业板，ST'],['元力真的好毒啊，长线价值投资买元力，基本上都去坑了。']
2021-01-05,"['元力股份：主力资金净流出5.61万元，净占比-0.21%（01-04）' '这不是一般的垃圾' '元力股份周二涨停20%，收盘20.22元'
 '在十天增发上市要是继续下跌爷干满仓我就看看装B到什么时候！'
 '活性炭市场周一看点华讯活性炭网2020-12-28阅读次数:65阅读字体【大中小' '元力股份'
 '元力股份(300174)2019年度网上业绩说明会周五下午在全景网举办，公司董事' '20.22以上清退一批人']",[],[],[],[],[],[],['被大资金抛弃的股是不可能涨的，就一群被套的小散户在这里意'],[],['敢大跌就满仓！'],['你好像脑子有点问题。打压下去就拉上了，拉上来打压下去。'],[],[],[],[],[],[],['让它慢慢洗吧' '174元力只要大跌满仓干反正熬了这幺久了要不吃大肉肉决不下船！'],['箭在弦上了' '跳水' '抓紧啦，我要发力啦[怒]'],[],['这是个绝对控盘的庄股，小散很难找到节奏，心理素质不好还是早走'],['还是无量，又在诱多'],['怎么会相信别人来买你这只鸟股，'],[],['！！！狗庄' '为什么解禁之前一定会拉升？为什么一旦解禁就肯定要出货？……这都是什么逻辑？解禁但' '三安走的这么好，都不拉一把元力小弟？']
2021-01-06,"['我发起了一个投票，【#元力股份#周三涨停20%，收盘20.28元】，快来参与投票吧~' '周三元力涨停20%，收盘20.28元'
 '元力股份：主力资金净流入275.84万元，净占比11.03%（01-05）' '增发上市之日就是元力变盘之时目标价年内翻倍！'
 '上一波主力按着没涨，这波还能装？' '元力股份盘前回顾(01-05)']",[],[],[],['昨天吃的那2000多手，今天反手下来砸盘，狗庄的老套路'],['继续一波新低去'],[],[],[],[],['洗洗更健康'],[],[],[],[],[],[],[],[],['元力已经没救了，僵尸股。里面的庄和散大户出不去。往上拉，谁都想卖。往下砸又无人接'],[],[],[],[],[]
2021-01-07,"['元力股份：主力资金净流入104.8万元，净占比3.30%（01-06）'
 '我发起了一个投票，【#元力股份#周四涨停20%，收盘19.94元】，快来参与投票吧~' '周四元力股份涨停20%，收盘19.94元'
 '我发起了一个提问，不知道董秘能否回答？其实仔细想想300174元力股份我们作为小' '元力股份盘前回顾(01-06)']",[],['看下隆利科技，庄园牧场解禁'],[],['兄弟们，赶紧割完去追蓝筹股了'],[],['你怎么可以那么废？'],[],[],[],['到家了！没见过这么的股' '这洗的有点白'],[],[],[],[],[],['早说跑还不跑'],[],[],[],[],[],[],[],[]
2021-01-08,"['元力股份：主力资金连续3天净流入累计553.72万元（01-07）' '元力股份:关于全资子公司通过高新技术企业认定的公告'
 '这是300174元力股份昨天和今天的分时图对比，狗庄无所不用其极，两天走相同的分'
 '我发起了一个投票，【#元力股份#周五涨停20%，收盘19.68元】，快来参与投票吧~' '周五元力股份涨停20%，收盘19.68元'
 '300618已经114元，3亿股本！' '为什么上不去17元？每次都这样玩弄我们？' '元力股份盘前回顾(01-07)'
 '德国慕尼黑大学，已经宣布研发出：石墨烯超级电容。']",[],[],['一样的套路，抓紧做T'],[],[],[],[],[],[],['元力股份和中铁装配潜力大'],['评论很少' '狗庄'],[],[],[],[],[],[],[],['僵尸股，没前途的'],['庄也在做T'],[],[],[],[]
2021-01-11,"['元力股份连续4周融资净偿还合计3253.96万元' '元力股份主力资金连续2周净流入合计1292.15万元'
 '15号解禁是否有大股东减持的必须警惕' '元力股份盘前回顾(01-08)']",[],['这走势解禁后大股东必然跑路'],[],[],[],[],[],[],[],['啥笔股还在这墨迹呢，狗庄也就这吊样了'],[],[],[],['只有大盘指数暴跌，小盘股才有出头之日。'],[],[],[],[],[],[],[],[],[],[]
2021-01-12,"['你这个主力是不是有毛病？这样玩有意思吗？' '元力股份：主力资金净流出38.58万元，净占比-1.97%（01-11）'
 '增发价格13.57元的话，好像也没赚多少，货出不去吧' '元力股份盘前回顾(01-11)']",[],[],[],[],[],['继续诱多'],[],[],['主力玩对倒，散户哪有那么容易上当？'],['16块被骗进来了……大哭' '创业板还能买吗？券商首席来解读！'],[],[],[],[],[],[],[],[],[],[],['压盘的狗庄！'],[],[],[]
2021-01-13,"['元力股份：主力资金净流出76.94万元，净占比-2.77%（01-12）' '15号解禁，百分之20的股份解禁，会不会很惨？'
 '元力股份:国金证券股份有限公司关于公司非公开发行限售股份上市流通的核查意见' '元力股份:关于非公开发行股份上市流通的提示性公告'
 '元力股份：约6510.32万股限售股1月18日解禁 占比21.01%' '元力股份：6510.32万限制性股票解除限售 1月18日上市流通'
 '演出下周一敲锣开场[鼓掌][旺柴][勾引]' '如果以目前的价格出货，增发的大股东们，半年时间只挣到一个涨停。会觉得满足吗？'
 '定增等了6个月，现在的交易量能卖不出利润空间也少，如要强卖20%跌停了都不一定能' '虽然我的股份可以流通了，但不到27元我绝对不卖'
 '元力股份盘前回顾(01-12)' '杠杆资金大幅加仓股曝光！元力股份买入占比高达51.96%']",[],[],[],[],['抓紧跑，杠杆资金马上爆仓'],[],[],[],[],['长期利好活性炭龙头企业，元力股份。从国家发展改革委网站获悉，为加快推进污水资源化'],['利好活性炭龙头企业'],[],[],[],[],[],[],[],[],[],[],[],[],[]
2021-01-14,['元力股份：主力资金连续3天净流出累计222.08万元（01-13）' '元力股份盘前回顾(01-13)'],[],[],[],[],[],[],[],[],[],[],[],[],[],[],[],[],[],[],[],[],['的！不卖你会死啊？'],[],[],[]
2021-01-15,"['元力股份：主力资金净流入82.09万元，净占比6.03%（01-14）' '明天必大跌，可以考虑上车'
 '增发股可能是原始股出货的烟幕弹。无所不用其极。' '元力股份盘前回顾(01-14)']",[],[],['637压盘的狗庄！' '这一届散户，不好骗' '把639压盘的狗吃掉'],['解禁了不应该乱拉一波吗'],[],[],[],[],['元力股份的业绩2021年将更加靓丽小散说的元月十五日立贴！'],['厉害了，今天成交量不超1000万'],['等今天开始大跌，没等到'],[],[],[],[],[],[],[],[],['感觉这个股解禁前庄不会大拉，怕解禁了抛压大，解禁了春天就该来了'],[],['下周星期一巨量解禁，大家小心点。'],[],['瓜怂！废物点心！']
2021-01-18,"['元力股份本周融资净买入836.22万元，居化工行业板块第十七' '资金流向周汇总：元力股份本周主力资金净流出284.16万元'
 '元力股份盘前回顾(01-15)']",[],['没量，就是玩泥巴。'],['看样子，大股东并不急于出货' '贵司2020年三季报非流动资产有9.63亿，但表中所列只有3个亿不到。为何？这个'],['化工产品都在涨价，这货的产品难道要跌价？'],[],[],['否极泰来：股价落后指数1000点'],[],['有成交量了就是好事儿，无论涨跌' '一大早发套，也是醉了'],[],['放我出去，我要回家过年'],['破位要踩踏'],[],[],[],[],[],[],[],[],[],['持续出货中' '这拖单，护盘还是出货？'],[],['放量换庄，静观后续。']
2021-01-19,"['大盘这么好，没有人护盘，今天被砸死了，主力早跑了，成交量一下放巨量，10亿的增发'
 '元力股份：主力资金净流出1401万元，净占比-12.28%（01-18）' '公司业绩及财报也不错为什么升不起' '持有半年损失60%'
 '放量了，明天可以抄底了' '元力股份:关于董事辞职的公告' '元力股份:第四届董事会第二十六次会议决议公告'
 '元力股份:关于召开2021年第一次临时股东大会的通知' '元力股份:关于部分募集资金账户注销的公告'
 '元力股份:关于签订募集资金监管协议的公告' '元力股份:独立董事对提名李立斌先生为董事候选人的独立意见' '元力股份：董事苏锡宝辞职'
 '杠杆资金大幅加仓股曝光！元力股份买入占比高达51.96%，这是什么信号，13号的' '明天可以放我出去了吧，我要回家过年'
 '元力股份盘前回顾(01-18)']",[],['跑机会' '能涨停吗' '坚决跑，恶庄'],['比我想的还快，如约而至[大笑]' '狗庄拉升出货，真是恶毒啊，今天又要放量了。'],[],['这就对了。涨起来的价格，再卖出真的香。'],[],['能不能一口气就20cm。让我们打爆空头'],[],['600吨电容炭达产只只缓解国内电容炭严重不足知道不这块蛋糕和半岛体芯片有一比！' '今天还是跑吧，后面又下来了无量拉。'],"['元力股权激励2020-2022年设定的最低经营目标，即各考核年度净利润定比201'
 '推动低碳能源替代高碳能源、可再生能源替代化石能源。同时，推动能源数字化和智能化发' '我安全回家过年了留下的发财']",[],['白拉自唱恶庄股'],[],[],[],[],['尾盘继续拉稀'],[],['牛逼屁，几千万资金都庄自导自演'],['17块的压力位，13.57的10亿的定增，走不走自己想吧。'],"['元力三年之内不看空！年内翻倍！三年翻二倍！6千万增发股应理解为新股发行价短期的震'
 '今天如果能涨停，关注的人、参与的人、追风的人就全过来了，主力就好做这只票了！高手']",['今天如果能涨停，关注的人、参与的人、追风的人就全过来了，主力就好做这只票了！高手'],['给解套不跑，垃圾玩不过恶庄的，远离，防崩' '元力三年之内不看空！年内翻倍！三年翻二倍！6千万增发股应理解为新股发行价短期的震'],['祝贺元力股份13.57元发行上市受到热烈的追捧！']
2021-01-20,"['散户们，别进也别出。你们只要不动，主力比你们更着急。' '元力股份：主力资金净流入1220.09万元，净占比12.58%（01-19）'
 '元力明天回调时给上车机会要珍惜哦' '庄股，鉴定完毕，千万不要碰' '元力股份盘前回顾(01-19)']",['昨天追高的人哭了吗？'],[],[],[],['没量的上涨不能买！！'],[],[],[],[],[],[],['上拉聚人气，越涨越有人买，越跌越没人参与！'],[],['一只股票反复大幅度拉升，即可以聚人气，又可以实现出货、进货的目的！'],[],[],[],[],[],['马上拉升了，赶紧买进！快快快！！！'],['拉涨停，聚人气！聚财气！'],[],[],[]
2021-01-21,['元力股份：主力资金净流入535.73万元，净占比7.37%（01-20）' '元力股份盘前回顾(01-20)'],[],['今天应该有根大阳的为什么没有迹象呢'],[],[],[],[],[],[],[],['怂货！的的死太监'],[],[],[],[],[],['散户们只要不动，主力之间就只能相互收割。被收割的主力，自然有能力，也有动力拉升股'],[],[],[],[],[],[],[],[]
2021-01-22,"['大盘涨了1个点，你跌了快2个点，差点最低价收盘。还主力，10个亿的解禁20%收益'
 '元力股份：主力资金净流出119.48万元，净占比-4.83%（01-21）' '5分钟级别中枢构筑基本完成' '元力股份盘前回顾(01-21)']",[],[],[],[],[],"['你是神经病发作吗？跌了好几天了' '快跑,15.01' '还有人叫着接盘吗？来呀，说了十元以下再考虑，涨一天你就忘了东西南北了[偷笑]'
 '下个星期要大跌' '解禁股抛单，机构跑']",['跑，是时候了，真的'],[],[],['千万不要跟.' '要过年了，主力想拉高出货'],[],[],[],[],[],[],[],[],[],[],[],[],[],[]
2021-01-25,"['元力股份连续2周融资净买入合计1765.66万元' '资金流向周汇总：元力股份本周主力资金净流入555.93万元' '大利空：董事苏锡宝辞职'
 '从年线看唯有向下打到10元一带一八反弹到20元，上面套了几年的筹码，鸡狗会解放别' '解禁股太多了' '元力股份盘前回顾(01-22)']",[],[],[],[],['十个亿的解禁！高管辞职！双从利好啊！'],[],[],[],[],['再不上车真的没机会了' '狗庄！依旧怂货一个！'],[],[],[],[],[],[],[],['抓紧跑，没希望，浪费行情'],['询问这种实质性问题，董秘就选择沉默不回答！'],[],[],[],[],[]
2021-01-26,"['元力股份：主力资金净流入335.42万元，净占比10.66%（01-25）'
 '本周没有拉升，周五一定卖出，说明1月底就不会公告利润增长50%以上，远低于三季报' '出帕，主力拉高出货，解禁股出逃。紧慎'
 '元力股份盘前回顾(01-25)']",[],[],[],[],[],[],[],[],['看看个行业的龙头溢价率都几倍元力差什么了？大跌就大干不翻倍不下车！'],['在重申一遍配售上市股可理解为元力股份的发行价上市整理结束将一路向北！' '狗庄压盘吧！'],['17定增出货咯，出货完了，10元见[抓狂][抓狂][抓狂]'],[],[],[],[],[],[],[],[],[],[],[],[],[]
2021-01-27,"['小样的，此股极具装逼表演天赋' '元力股份：主力资金连续3天净流入累计1169.92万元（01-26）' '确实不吉利：174就是要'
 '元力股份盘前回顾(01-26)']",[],[],[],[],[],[],[],[],[],['横久必跌' '哈哈，这特么是在玩过家家吗？有意思' '看来要出公告了'],[],[],[],[],[],[],[],[],[],[],[],[],[],[]
2021-01-28,['元力股份：主力资金连续4天净流入累计1393.29万元（01-27）' '元力股份盘前回顾(01-27)'],[],[],['估计是最后上车的机会了'],[],[],[],[],['看看这股的人气，哪象你1、2手的人气，就是涨也有限……'],[],['中信证券：稀土行业迎历史拐点 预计稀土价格保持强势' '十个亿的解禁！！！都当看不见吗？那么多唱多的，有多少托？'],['k线很美，想要上冲，要狠狠往下一次。'],[],[],[],[],[],"['图一是解禁前一天分布。图二是今天的。上方筹码没有松动，一部分解禁股在疯狂出货。'
 '应该是解禁股要上供一部分筹码给庄家，然后在翻番。大家都吃肉！' '压盘狗']",[],[],[],[],[],[],[]
2021-01-29,"['已卖掉，见好就收' '元力股份：主力资金净流出464.13万元，净占比-12.37%（01-28）' '大宗商品还有机会吗？'
 '明天没公告会不会暴雷？开盘卖！' '元力股份盘前回顾(01-28)' '竞价也没有了']",['不跟你这折腾了，狗庄！'],[],[],[],['这波洗完该拉了吧'],['低位庄股大胆持有'],[],[],[],['福建，上市以来业绩最牛逼的一年，朝阳产业。我想做空它'],['天天让跑，不听，明显在出货' '所有均线都击穿了！也许给技术派看的！若月底业绩快报利好，恐怕买不到了！元力高成长'],[],['散户们不要怂，越跌越买，慢慢建仓！'],['什么时候改名给力股份'],[],[],[],[],['破股，都散了吧'],[],[],[],[],[]
2021-02-01,"['融资融券周汇总：元力股份本周融资净偿还827.22万元' '元力股份主力资金连续2周净流入合计938.4万元'
 '元力股份盘前回顾(01-29)']",[],[],[],[],[],[],['股永远是股'],[],[],['没人接盘侠，主力的货出给谁？呵呵。散户们，不要轻举妄动，死磕到底，主力内心也很煎'],[],[],[],[],[],[],[],[],[],[],[],[],[],[]
2021-02-02,"['聚焦“科技升级+制造崛起”' '元力股份：主力资金连续3天净流出累计744.32万元（02-01）' '垃圾'
 '这垃圾做碳，和烧烤没关系，最大客户是糖厂，炭法白糖，了解一下，近年销量猛涨，因为' '元力股份盘前回顾(02-01)']",[],[],[],[],[],['还有新低，抓紧跑吧'],[],[],[],['主力们，没人接盘，手里的货出不去，傻眼了吧'],['虽然你现在表现的并不尽如人意，我依然觉得你未来会表现不俗'],[],[],[],[],[],[],['年前将持续缩量阴跌，年后崩盘'],[],[],[],[],"['公司电容碳项目是否是技术不行，成品率太低，根本没有收益和前途？看来是机构已经提前'
 '手中3支垃圾股，方正电机。元力股份，寒武纪。害死我了。3个股']",[]
2021-02-03,"['元力股份：主力资金连续4天净流出累计914.65万元（02-02）' '请问公司的年度业绩预告为何没在1月底的截止日前披露？'
 '公司看来要倒闭了' '元力股份盘前回顾(02-02)']",[],[],[],[],[],[],[],[],[],['元力股份，什么时候可以重新回到17之上？'],[],[],[],[],[],[],[],[],['主力演得很卖力，很入戏，演得它自己都信了。'],[],['意自己玩自己'],[],[],[]
2021-02-04,"['元力股份：主力资金净流入174.83万元，净占比11.66%（02-03）' '卖资产实现业绩大增的没什么好东西' '重大利空：业绩造假！'
 '元力股份:第四届董事会第二十七次会议决议公告' '元力股份:2021年第一次临时股东大会决议公告'
 '元力股份:福建武夷律师事务所关于福建元力活性炭股份有限公司2021年第一次临时股东大会之律师见证法律意见书' '董事会没谈任何实质内容']",[],[],[],[],[],[],['什么东西啊你？'],[],[],['跌停的勇气也没有吗？' '新董事，第一天上任先来个绿帽子，再来比赛拉稀速度！'],['散户都学聪明了。这届主力不好当'],[],[],[],[],[],[],[],[],[],[],[],[],[]
2021-02-05,"['请教一下，这个超级电容炭(Supercapacitoractivatedcarb'
 '请教一下，这个超级电容炭(Supercapacitoractivatedcarb']",[],[],['这么一比，就明白了，但是价格体系还真的不懂。'],[],[],[],[],[],[],[],[],[],[],[],[],[],[],[],[],['成交量再创新低，可喜可贺'],[],[],[],[]
2021-02-08,['元力股份连续2周融资净偿还合计1221.21万元' '呵呵。原以为你今天高开一点，结果还是废物'],['元力纯粹傻X'],[],[],['年后破12跑吧'],['这年是没法过了，'],['赶紧跌' '坐等10个点'],['加油！跌到13.57，满仓！' 'C浪下跌开始'],['反弹了还得下来'],['快跑，10元见，兴全减持跑得快'],['坐等股东增持' '大盘涨它也跌' '参与定增的大户，也没挣到大钱。大家都死扛着，谁都不敢先出牌。'],"['参与定增的大户，也没挣到大钱。大家都死扛着，谁都不敢先出牌。' '格局不一样，像这种老板格局这么小，股价能好到哪去。'
 '从来就没选错过股，这是有翻车的迹象']",[],[],['狗庄，你还能再点吗？'],[],[],[],[],[],[],[],[],[],['已经跌破平台底了，下一个平台见']
2021-02-09,['开启下跌模式：今天己出现新低' '恭喜本群鼠年全军覆没，留下的都是半仙' '电容炭产能在慢慢释放，盈利能力在增强。' '为什么要这样跌？'],[],['无量阴跌不止，才开始'],['跌吧'],['大元力稳住了，我的黑猫终于开始冲顶了。等到达8.5-9的预订目标我就清仓。'],['企业不错为什么股价这么烂'],[],[],[],[],['快跑，反弹无力' '这点成交量，换手率………。很有意思'],['你说您走的是哪国行情呢，不跟大盘，不跟行业，也真是tm醉了'],[],[],['公司老板出事了嘛'],[],[],['鸡狗把自己成功玩死'],[],[],[],"['你是不是业绩作假？为什么不预告？为什么股价一直阴跌？' '这股票变成仙股了' '这股是什么玩意儿呀？没有庄？？？[摊手]'
 '我的猜测没错，继续跌']",[],['绝对是公司出问题了，抓紧跑' '走了，留下的发财'],[]
2021-02-10,"['元力是已经没有希望了，大家散了，快成ST，' '已经是死狗一只' '股东几千个，每天成交量1千万，还不退市等什么？'
 '这个公司LB……[下跌]' '20Cm']",[],[],[],['又卡了' '还得跌，新低' '不信等着新低' '这个股票已经没人能拉的动了，十年无行情'],['千万别买，4元见'],[],[],[],[],['你这个2比货。你怎么还能存在？' '请问董秘十月份公司年度业绩预告预增120%左右，在4月24日年报之前，会公布20' '大M头，快跑吧'],[],[],[],['为什么利润长，股价不长'],[],['记注去弱流强'],[],['公司和控盘主力人品太差，大过年的还在打压股价，让散户亏的短裤不剩，恶人股'],[],[],[],[],[],[]
2021-02-18,[],[],[],[],[],[],[],[],[],[],[],[],[],[],[],[],['又萎哥'],[],[],[],[],[],['首席解码化工行业投资前景'],[],[]
2021-02-19,['人气榜居然是倒数有名！'],['又跑一单'],[],[],[],[],[],[],[],[],[],[],[],[],[],[],[],[],[],[],[],[],[],['黑猫股份清仓完毕，准备满仓元力。盘口没有单子，想买进不好操作啊！只能慢慢小单吸了'],[]
2021-02-22,[],[],[],[],[],[],[],[],[],[],[],[],[],[],[],[],[],[],[],[],[],[],[],[],[]
2021-02-23,[],[],[],[],[],[],[],[],[],['公司今年在大环境不好的情况下，业绩突破了最近几年的新高，南平元力项目建设的进展怎'],[],['元力股份：南平工业园区活性炭建设项目部分生产线陆续建成'],[],[],[],[],[],[],['你个瓜怂还是这个逼样！磨！狗庄！'],[],[],[],[],[],[]
2021-02-24,['永动机，互相吃对方的废弃物就能生存，厉害了。' '不要干木炭了，转产做竹浆纸吧。' '超级电容炭是什么项目'],[],[],[],[],[],[],[],[],[],[],[],[],[],[],[],['狗庄！没人要的东西！'],[],[],[],[],[],[],[],"['终于启动了' '国内活性炭龙头，谁与争锋！国产替代长期目标价50元小爷的贴就没看空过！'
 '国内活性炭龙头，谁与争锋！国产替代长期目标价50元小爷的贴就没看空过！股友们看看']"
2021-02-25,['今天为什么涨？' '哈哈哈，尾盘抢筹，我也进了100手小试牛刀[得意]' '不讲武德恶庄偷袭'],['昨天涨多少，今天就跌多少'],[],[],[],['这主力拉起来就为了套自己'],[],[],[],[],[],[],[],[],[],['你个瓜怂！呃不看好你呢！'],[],[],['压盘的狗庄！'],[],[],['拉的太明显了。。。'],[],[],['说了咋上去就咋下来']
2021-02-26,"['经过连日奋战，今天尾盘仓位正式打满。目标40附近！涨跌随意，干就对了！' '活性炭，电容什么的能涨个球。'
 '轮胎行业“涨”声又起：有代理商5个月接到5份涨价通知']",[],[],[],[],[],[],[],[],[],['太烂了，都没人交易'],[],[],[],[],[],[],[],[],['快跑，主力在压盘，还要往下压'],[],[],['还不跑，等死啊！'],[],[]
2021-03-01,['元力股份连续5周融资净偿还合计2742.66万元'],[],[],[],[],[],[],['急需改名为元力环保啊！'],[],[],[],[],[],[],[],[],[],[],['板块涨2个点，你还跌？有什么脸跌？'],[],[],[],[],[],[]
2021-03-02,['垃圾股，无力股份' '如何把握中国制造业的投资机会？'],['今天继续冒绿光'],[],[],[],[],[],[],[],[],[],[],[],[],['破位了，快逃啊！'],[],['要跌破13元，快跑'],[],[],[],[],[],['揭秘风口上的化工基'],[],[]
2021-03-03,[],[],['大环保来了，碳中和' '[图片]'],[],[],[],[],[],[],[],[],[],[],[],[],[],[],[],['烂到家的股'],[],[],['元力是黑稀土，属于有色板块'],['真是好烂的票，走人为妙'],[],[]
2021-03-04,[],[],[],[],[],[],[],[],[],[],['大伙都嗨起来，把气氛搞起来。先上DJ，暖场！'],[],[],[],[],[],[],['破新低去，抓紧砸' '50亿市值，成交700万，牛逼' '马上破位放量大跌，跑跑跑'],[],[],[],[],['揭秘化工风口投资机遇' '50亿的市值，1千万的成交额，真牛逼。证监会彻查一下啊？'],[],[]
2021-03-05,"['能源化工值得投资么？' '碳中和，大环保' '碳中和龙头！群里还有人吗？' '炒股也有年头了，这票我是服了，真快熬不过你了，放心哈，还在重仓'
 '什么情况，20的跌停板干了30000股']",[],[],[],[],[],[],[],[],[],[],['主力，散户，都在互相博弈。谁都不敢先出牌'],[],['你这逼股不是一般的傻！'],[],[],[],[],[],[],[],[],['都不要着急！慢慢等' '不要怂！满仓满融的干！'],[],[]
2021-03-08,['融资融券周汇总：元力股份本周融资净买入871.01万元' '大环保定调了吧！'],[],[],[],[],[],['股！特么死逼一个'],[],[],[],[],[],[],[],[],[],[],[],['碳排放潜力黑马胚胎[大笑]逢低吸纳[大笑]'],[],['玩个毛啊。跌出翔了吗？神经病的票'],[],[],[],[]
